Funds,3 Yr Ret (%),3 Yr Rank,5 Yr Ret (%),5 Yr Rank,10 Yr Ret (%),10 Yr Rank,15 Yr Ret (%),15 Yr Rank,20 Yr Ret (%),20 Yr Rank
360 ONE ELSS Tax Saver Nifty 50 Index Fund - Direct Plan,--,--,--,--,--,--,--,--,--,--
360 ONE FlexiCap Fund - Direct Plan,--,--,--,--,--,--,--,--,--,--
360 ONE Focused Fund - Direct Plan,20.24,25/68,23.20,14/54,16.98,2/35,--,--,--,--
360 ONE Quant Fund - Direct Plan,28.39,2/33,--,--,--,--,--,--,--,--
Aditya Birla Sun Life Bal Bhavishya Yojna - Direct Plan,16.83,54/68,16.21,51/54,--,--,--,--,--,--
Aditya Birla Sun Life Banking & Financial Services Fund - Direct Plan,20.08,10/17,22.82,5/12,14.31,5/10,--,--,--,--
Aditya Birla Sun Life BSE 500 Momentum 50 Index Fund - Direct Plan,--,--,--,--,--,--,--,--,--,--
Aditya Birla Sun Life BSE 500 Quality 50 Index Fund - Direct Plan,--,--,--,--,--,--,--,--,--,--
Aditya Birla Sun Life BSE India Infrastructure Index Fund - Direct Plan,--,--,--,--,--,--,--,--,--,--
Aditya Birla Sun Life BSE Sensex ETF,14.79,98/121,17.67,74/97,--,--,--,--,--,--
Aditya Birla Sun Life Business Cycle Fund - Direct Plan,17.18,27/33,--,--,--,--,--,--,--,--
Aditya Birla Sun Life Conglomerate Fund - Direct Plan,--,--,--,--,--,--,--,--,--,--
Aditya Birla Sun Life Digital India Fund - Direct Plan,15.30,6/6,23.91,4/5,18.15,1/4,--,--,--,--
Aditya Birla Sun Life Dividend Yield Fund - Direct Plan,22.82,3/8,23.84,4/6,12.73,5/5,--,--,--,--
Aditya Birla Sun Life ELSS Tax Saver - Direct Plan,16.32,30/33,15.59,33/33,11.62,25/26,--,--,--,--
Aditya Birla Sun Life ESG Integration Strategy Fund - Direct Plan,16.39,5/9,--,--,--,--,--,--,--,--
Aditya Birla Sun Life Flexi Cap Fund - Direct Plan,19.73,29/68,22.02,19/54,14.57,15/35,--,--,--,--
Aditya Birla Sun Life Focused Fund - Direct Plan,18.20,41/68,20.05,37/54,13.23,24/35,--,--,--,--
Aditya Birla Sun Life Global Emerging Opportunities Fund - Direct Plan,13.31,--,12.03,--,10.14,--,--,--,--,--
Aditya Birla Sun Life Global Excellence Equity FoF - Direct Plan,19.23,--,15.09,--,7.92,--,--,--,--,--
Aditya Birla Sun Life India GenNext Fund - Direct Plan,18.06,10/11,22.39,6/11,15.79,4/7,--,--,--,--
Aditya Birla Sun Life Infrastructure Fund - Direct Plan,28.61,11/19,31.32,14/19,14.29,15/19,--,--,--,--
Aditya Birla Sun Life International Equity Fund - Direct Plan,14.16,29/47,12.39,13/28,10.15,10/23,--,--,--,--
Aditya Birla Sun Life Large Cap Fund - Direct Plan,18.04,33/78,20.74,14/57,12.99,14/42,--,--,--,--
Aditya Birla Sun Life Large & Mid Cap Fund - Direct Plan,16.74,31/32,19.56,25/25,12.54,17/18,--,--,--,--
Aditya Birla Sun Life Manufacturing Equity Fund - Direct Plan,20.48,20/33,20.70,14/19,12.88,6/10,--,--,--,--
Aditya Birla Sun Life Mid Cap Fund - Direct Plan,21.58,26/32,27.47,18/25,14.37,19/19,--,--,--,--
Aditya Birla Sun Life MNC Fund - Direct Plan,14.23,2/4,14.17,4/4,9.52,3/3,--,--,--,--
Aditya Birla Sun Life Multi-Cap Fund - Direct Plan,19.99,13/14,--,--,--,--,--,--,--,--
Aditya Birla Sun Life NASDAQ 100 FOF - Direct Plan,26.34,9/47,--,--,--,--,--,--,--,--
Aditya Birla Sun Life Nifty 200 Momentum 30 ETF,--,--,--,--,--,--,--,--,--,--
Aditya Birla Sun Life Nifty 200 Quality 30 ETF,--,--,--,--,--,--,--,--,--,--
Aditya Birla Sun Life Nifty 50 Equal Weight Index Fund - Direct Plan,18.52,27/78,--,--,--,--,--,--,--,--
Aditya Birla Sun Life Nifty 50 ETF,15.55,58/121,18.62,34/97,12.52,12/60,--,--,--,--
Aditya Birla Sun Life Nifty 50 Index Fund - Direct Plan,15.28,61/78,18.20,42/57,11.90,35/42,--,--,--,--
Aditya Birla Sun Life Nifty Bank ETF,16.21,18/31,20.66,11/21,--,--,--,--,--,--
Aditya Birla Sun Life Nifty Healthcare ETF,24.62,6/15,--,--,--,--,--,--,--,--
Aditya Birla Sun Life Nifty India Defence Index Fund - Direct Plan,--,--,--,--,--,--,--,--,--,--
Aditya Birla Sun Life Nifty IT ETF,9.84,13/13,--,--,--,--,--,--,--,--
Aditya Birla Sun Life Nifty Midcap 150 Index Fund - Direct Plan,25.45,13/32,--,--,--,--,--,--,--,--
Aditya Birla Sun Life Nifty Next 50 ETF,19.39,10/121,21.24,14/97,--,--,--,--,--,--
Aditya Birla Sun Life Nifty Next 50 Index Fund - Direct Plan,18.85,19/78,--,--,--,--,--,--,--,--
Aditya Birla Sun Life Nifty PSE ETF,--,--,--,--,--,--,--,--,--,--
Aditya Birla Sun Life Nifty Smallcap 50 Index Fund - Direct Plan,28.46,5/28,--,--,--,--,--,--,--,--
Aditya Birla Sun Life Pharma & Healthcare Fund - Direct Plan,25.09,9/11,21.11,8/9,--,--,--,--,--,--
Aditya Birla Sun Life PSU Equity Fund - Direct Plan,33.86,3/3,32.13,1/3,--,--,--,--,--,--
Aditya Birla Sun Life Quant Fund - Direct Plan,--,--,--,--,--,--,--,--,--,--
Aditya Birla Sun Life Retirement Fund - The 30s Plan - Direct Plan,17.85,44/68,16.90,49/54,--,--,--,--,--,--
Aditya Birla Sun Life Small Cap Fund - Direct Plan,21.86,22/28,28.67,22/22,14.41,12/12,--,--,--,--
Aditya Birla Sun Life Special Opportunities Fund - Direct Plan,20.42,21/33,--,--,--,--,--,--,--,--
Aditya Birla Sun Life Transportation and Logistics Fund - Direct Plan,--,--,--,--,--,--,--,--,--,--
Aditya Birla Sun Life Value Fund - Direct Plan,22.80,12/21,26.15,8/16,13.07,12/13,--,--,--,--
Angel One Nifty 50 ETF,--,--,--,--,--,--,--,--,--,--
Angel One Nifty 50 Index Fund - Direct Plan,--,--,--,--,--,--,--,--,--,--
Angel One Nifty Total Market ETF,--,--,--,--,--,--,--,--,--,--
Angel One Nifty Total Market Index Fund - Direct Plan,--,--,--,--,--,--,--,--,--,--
Axis BSE Sensex ETF,--,--,--,--,--,--,--,--,--,--
Axis BSE Sensex Index Fund - Direct Plan,--,--,--,--,--,--,--,--,--,--
Axis Business Cycles Fund - Direct Plan,--,--,--,--,--,--,--,--,--,--
Axis Consumption Fund - Direct Plan,--,--,--,--,--,--,--,--,--,--
Axis ELSS Tax Saver Fund - Direct Plan,15.94,31/33,17.61,31/33,12.89,20/26,--,--,--,--
Axis ESG Integration Strategy Fund - Direct Plan,15.38,8/9,16.50,3/3,--,--,--,--,--,--
Axis Flexi Cap Fund - Direct Plan,17.65,48/68,19.05,44/54,--,--,--,--,--,--
Axis Focused Fund - Direct Plan,13.29,65/68,15.60,52/54,12.87,27/35,--,--,--,--
Axis Global Equity Alpha FoF - Direct Plan,20.51,18/47,--,--,--,--,--,--,--,--
Axis Global Innovation FoF - Direct Plan,20.62,17/47,--,--,--,--,--,--,--,--
Axis Greater China Equity FoF - Direct Plan,5.90,45/47,--,--,--,--,--,--,--,--
Axis India Manufacturing Fund - Direct Plan,--,--,--,--,--,--,--,--,--,--
Axis Innovation Fund - Direct Plan,18.17,26/33,--,--,--,--,--,--,--,--
Axis Large Cap Fund - Direct Plan,14.25,78/78,15.93,57/57,12.97,15/42,--,--,--,--
Axis Large & Mid Cap Fund - Direct Plan,20.47,18/32,24.46,12/25,--,--,--,--,--,--
Axis Midcap Fund - Direct Plan,21.63,25/32,25.20,22/25,16.66,8/19,--,--,--,--
Axis Momentum Fund - Direct Plan,--,--,--,--,--,--,--,--,--,--
Axis Multicap Fund - Direct Plan,25.50,3/14,--,--,--,--,--,--,--,--
Axis Multi Factor Passive FoF - Direct Plan,14.52,--,--,--,--,--,--,--,--,--
Axis NASDAQ 100 FoF - Direct Plan,--,--,--,--,--,--,--,--,--,--
Axis Nifty 100 Index Fund - Direct Plan,15.57,47/78,18.59,30/57,--,--,--,--,--,--
Axis Nifty 500 Index Fund - Direct Plan,--,--,--,--,--,--,--,--,--,--
Axis Nifty500 Momentum 50 Index Fund - Direct Plan,--,--,--,--,--,--,--,--,--,--
Axis Nifty500 Value 50 ETF,--,--,--,--,--,--,--,--,--,--
Axis Nifty500 Value 50 Index Fund - Direct Plan,--,--,--,--,--,--,--,--,--,--
Axis Nifty 50 ETF,15.55,59/121,18.58,43/97,--,--,--,--,--,--
Axis Nifty 50 Index Fund - Direct Plan,15.38,52/78,--,--,--,--,--,--,--,--
Axis Nifty Bank ETF,16.18,20/31,--,--,--,--,--,--,--,--
Axis Nifty Bank Index Fund - Direct Plan,--,--,--,--,--,--,--,--,--,--
Axis NIFTY Healthcare ETF,24.19,9/15,--,--,--,--,--,--,--,--
Axis NIFTY India Consumption ETF,17.10,10/15,--,--,--,--,--,--,--,--
Axis NIFTY IT ETF,9.90,10/13,--,--,--,--,--,--,--,--
Axis Nifty IT Index Fund - Direct Plan,--,--,--,--,--,--,--,--,--,--
Axis Nifty Midcap 50 Index Fund - Direct Plan,26.58,9/32,--,--,--,--,--,--,--,--
Axis Nifty Next 50 Index Fund - Direct Plan,19.12,11/78,--,--,--,--,--,--,--,--
Axis Nifty Smallcap 50 Index Fund - Direct Plan,28.25,6/28,--,--,--,--,--,--,--,--
Axis Quant Fund - Direct Plan,17.04,29/33,--,--,--,--,--,--,--,--
Axis Services Opportunities Fund - Direct Plan,--,--,--,--,--,--,--,--,--,--
Axis Small Cap Fund - Direct Plan,23.26,20/28,31.29,18/22,19.83,2/12,--,--,--,--
Axis Value Fund - Direct Plan,25.56,4/21,--,--,--,--,--,--,--,--
Bajaj Finserv Consumption Fund - Direct Plan,--,--,--,--,--,--,--,--,--,--
Bajaj Finserv ELSS Tax Saver Fund - Direct Plan,--,--,--,--,--,--,--,--,--,--
Bajaj Finserv Flexi Cap Fund - Direct Plan,--,--,--,--,--,--,--,--,--,--
Bajaj Finserv Healthcare Fund - Direct Plan,--,--,--,--,--,--,--,--,--,--
Bajaj Finserv Large and Mid Cap Fund - Direct Plan,--,--,--,--,--,--,--,--,--,--
Bajaj Finserv Large Cap Fund - Direct Plan,--,--,--,--,--,--,--,--,--,--
Bajaj Finserv Multi Cap Fund - Direct Plan,--,--,--,--,--,--,--,--,--,--
Bajaj Finserv Nifty 50 ETF,--,--,--,--,--,--,--,--,--,--
Bajaj Finserv Nifty 50 Index Fund - Direct Plan,--,--,--,--,--,--,--,--,--,--
Bajaj Finserv Nifty Bank ETF,--,--,--,--,--,--,--,--,--,--
Bajaj Finserv Nifty Next 50 Index Fund - Direct Plan,--,--,--,--,--,--,--,--,--,--
Bajaj Finserv Small Cap Fund - Direct Plan,--,--,--,--,--,--,--,--,--,--
Bandhan BSE Healthcare Index Fund - Direct Plan,--,--,--,--,--,--,--,--,--,--
Bandhan BSE Sensex ETF,14.41,106/121,17.20,87/97,--,--,--,--,--,--
Bandhan Business Cycle Fund - Direct Plan,--,--,--,--,--,--,--,--,--,--
Bandhan ELSS Tax Saver Fund - Direct Plan,18.43,23/33,26.13,4/33,15.21,6/26,--,--,--,--
Bandhan Financial Services Fund - Direct Plan,--,--,--,--,--,--,--,--,--,--
Bandhan Flexi Cap Fund - Direct Plan,17.81,45/68,20.59,30/54,11.50,32/35,--,--,--,--
Bandhan Focused Fund - Direct Plan,21.49,18/68,20.76,29/54,13.82,20/35,--,--,--,--
Bandhan Infrastructure Fund - Direct Plan,32.30,4/19,35.71,4/19,16.47,8/19,--,--,--,--
Bandhan Innovation Fund - Direct Plan,--,--,--,--,--,--,--,--,--,--
Bandhan Large Cap Fund - Direct Plan,18.78,22/78,20.00,26/57,13.39,8/42,--,--,--,--
Bandhan Large & Mid Cap Fund - Direct Plan,27.34,3/32,28.38,3/25,16.67,3/18,--,--,--,--
Bandhan Midcap Fund - Direct Plan,--,--,--,--,--,--,--,--,--,--
Bandhan Multi Cap Fund - Direct Plan,21.98,10/14,--,--,--,--,--,--,--,--
Bandhan Multi-Factor Fund - Direct Plan,--,--,--,--,--,--,--,--,--,--
Bandhan Nifty 100 Index Fund - Direct Plan,15.62,45/78,--,--,--,--,--,--,--,--
Bandhan Nifty100 Low Volatility 30 Index Fund - Direct Plan,--,--,--,--,--,--,--,--,--,--
Bandhan Nifty200 Momentum 30 Index Fund - Direct Plan,--,--,--,--,--,--,--,--,--,--
Bandhan Nifty 200 Quality 30 Index Fund - Direct Plan,--,--,--,--,--,--,--,--,--,--
Bandhan Nifty 500 Momentum 50 Index Fund - Direct Plan,--,--,--,--,--,--,--,--,--,--
Bandhan Nifty 500 Value 50 Index Fund - Direct Plan,--,--,--,--,--,--,--,--,--,--
Bandhan Nifty 50 ETF,15.52,67/121,18.40,54/97,--,--,--,--,--,--
Bandhan Nifty 50 Index Fund - Direct Plan,15.38,51/78,18.43,31/57,12.40,20/42,--,--,--,--
Bandhan Nifty Alpha 50 Index Fund - Direct Plan,--,--,--,--,--,--,--,--,--,--
Bandhan Nifty Alpha Low Volatility 30 Index Fund - Direct Plan,--,--,--,--,--,--,--,--,--,--
Bandhan Nifty Bank Index Fund - Direct Plan,--,--,--,--,--,--,--,--,--,--
Bandhan Nifty IT Index Fund - Direct Plan,--,--,--,--,--,--,--,--,--,--
Bandhan Nifty Midcap 150 Index Fund - Direct Plan,--,--,--,--,--,--,--,--,--,--
Bandhan Nifty Next 50 Index Fund - Direct Plan,--,--,--,--,--,--,--,--,--,--
Bandhan Nifty Smallcap 250 Index Fund - Direct Plan,--,--,--,--,--,--,--,--,--,--
Bandhan Nifty Total Market Index Fund - Direct Plan,--,--,--,--,--,--,--,--,--,--
Bandhan Small Cap Fund - Direct Plan,34.05,1/28,37.11,3/22,--,--,--,--,--,--
Bandhan Transportation and Logistics Fund - Direct Plan,--,--,--,--,--,--,--,--,--,--
Bandhan US Equity FoF - Direct Plan,25.80,10/47,--,--,--,--,--,--,--,--
Bandhan Value Fund - Direct Plan,20.45,18/21,31.26,2/16,15.97,5/13,--,--,--,--
Bank of India Business Cycle Fund - Direct Plan,--,--,--,--,--,--,--,--,--,--
Bank of India Consumption Fund - Direct Plan,--,--,--,--,--,--,--,--,--,--
Bank of India ELSS Tax Saver Fund - Direct Plan,21.40,10/33,24.61,10/33,16.39,4/26,--,--,--,--
Bank of India Flexi Cap Fund - Direct Plan,25.08,9/68,28.12,4/54,--,--,--,--,--,--
Bank of India Large Cap Fund - Direct Plan,17.85,34/78,--,--,--,--,--,--,--,--
Bank of India Large & Mid Cap Fund - Direct Plan,19.54,21/32,22.23,22/25,13.17,15/18,--,--,--,--
Bank of India Manufacturing & Infrastructure Fund - Direct Plan,28.74,10/19,32.07,12/19,17.61,4/19,--,--,--,--
Bank of India Mid Cap Fund - Direct Plan,--,--,--,--,--,--,--,--,--,--
Bank of India Multi Cap Fund - Direct Plan,--,--,--,--,--,--,--,--,--,--
Bank of India Small Cap Fund - Direct Plan,25.90,13/28,35.25,5/22,--,--,--,--,--,--
Baroda BNP Paribas Aqua FoF - Direct Plan,14.13,--,--,--,--,--,--,--,--,--
Baroda BNP Paribas Banking and Financial Services Fund - Direct Plan,20.86,8/17,21.07,9/12,12.49,8/10,--,--,--,--
Baroda BNP Paribas Business Cycle Fund - Direct Plan,19.74,22/33,--,--,--,--,--,--,--,--
Baroda BNP Paribas Children's Fund - Direct Plan,--,--,--,--,--,--,--,--,--,--
Baroda BNP Paribas Dividend Yield Fund - Direct Plan,--,--,--,--,--,--,--,--,--,--
Baroda BNP Paribas ELSS Tax Saver Fund - Direct Plan,20.93,11/33,21.50,25/33,12.93,19/26,--,--,--,--
Baroda BNP Paribas Energy Opportunities Fund - Direct Plan,--,--,--,--,--,--,--,--,--,--
Baroda BNP Paribas Flexi Cap Fund - Direct Plan,--,--,--,--,--,--,--,--,--,--
Baroda BNP Paribas Focused Fund - Direct Plan,18.35,40/68,20.26,35/54,--,--,--,--,--,--
Baroda BNP Paribas Health and Wellness Fund - Direct Plan,--,--,--,--,--,--,--,--,--,--
Baroda BNP Paribas India Consumption Fund - Direct Plan,18.35,7/11,21.72,8/11,--,--,--,--,--,--
Baroda BNP Paribas Innovation Fund - Direct Plan,--,--,--,--,--,--,--,--,--,--
Baroda BNP Paribas Large Cap Fund - Direct Plan,18.98,17/78,20.01,25/57,13.22,10/42,--,--,--,--
Baroda BNP Paribas Large & Mid Cap Fund - Direct Plan,21.92,11/32,--,--,--,--,--,--,--,--
Baroda BNP Paribas Manufacturing Fund - Direct Plan,--,--,--,--,--,--,--,--,--,--
Baroda BNP Paribas Midcap Fund - Direct Plan,23.19,20/32,28.02,16/25,16.19,11/19,--,--,--,--
Baroda BNP Paribas Multi Cap Fund - Direct Plan,22.21,9/14,25.18,--,14.86,--,--,--,--,--
Baroda BNP Paribas Nifty200 Momentum 30 Index Fund - Direct Plan,--,--,--,--,--,--,--,--,--,--
Baroda BNP Paribas NIFTY 50 Index Fund - Direct Plan,--,--,--,--,--,--,--,--,--,--
Baroda BNP Paribas Nifty Bank ETF,--,--,--,--,--,--,--,--,--,--
Baroda BNP Paribas Nifty Midcap 150 Index Fund - Direct Plan,--,--,--,--,--,--,--,--,--,--
Baroda BNP Paribas Small Cap Fund - Direct Plan,--,--,--,--,--,--,--,--,--,--
Baroda BNP Paribas Value Fund - Direct Plan,--,--,--,--,--,--,--,--,--,--
BHARAT 22 ETF,29.44,1/121,32.46,1/97,--,--,--,--,--,--
Canara Robeco Consumer Trends Fund - Direct Plan,19.89,4/11,23.47,4/11,16.57,2/7,--,--,--,--
Canara Robeco ELSS Tax Saver Fund - Direct Plan,17.95,26/33,22.10,19/33,14.92,9/26,--,--,--,--
Canara Robeco Flexi Cap Fund - Direct Plan,18.36,39/68,21.07,25/54,14.24,17/35,--,--,--,--
Canara Robeco Focused Fund - Direct Plan,21.42,19/68,--,--,--,--,--,--,--,--
Canara Robeco Infrastructure Fund - Direct Plan,29.30,9/19,33.34,8/19,16.25,10/19,--,--,--,--
Canara Robeco Large and Mid Cap Fund - Direct Plan,19.77,20/32,23.63,16/25,16.57,4/18,--,--,--,--
Canara Robeco Large Cap Fund - Direct Plan,18.51,28/78,20.23,23/57,14.60,3/42,--,--,--,--
Canara Robeco Manufacturing Fund - Direct Plan,--,--,--,--,--,--,--,--,--,--
Canara Robeco Mid Cap Fund - Direct Plan,--,--,--,--,--,--,--,--,--,--
Canara Robeco Multi Cap Fund - Direct Plan,--,--,--,--,--,--,--,--,--,--
Canara Robeco Small Cap Fund - Direct Plan,20.24,27/28,33.90,11/22,--,--,--,--,--,--
Canara Robeco Value Fund - Direct Plan,22.58,13/21,--,--,--,--,--,--,--,--
Capitalmind Flexi Cap Fund - Direct Plan,--,--,--,--,--,--,--,--,--,--
CPSE ETF,40.36,1/4,38.59,1/4,13.90,2/3,--,--,--,--
DSP Banking & Financial Services Fund - Direct Plan,--,--,--,--,--,--,--,--,--,--
DSP BSE Sensex ETF,--,--,--,--,--,--,--,--,--,--
DSP BSE Sensex Next 30 ETF,--,--,--,--,--,--,--,--,--,--
DSP BSE Sensex Next 30 Index Fund - Direct Plan,--,--,--,--,--,--,--,--,--,--
DSP Business Cycle Fund - Direct Plan,--,--,--,--,--,--,--,--,--,--
DSP ELSS Tax Saver Fund - Direct Plan,22.37,7/33,25.06,7/33,16.42,3/26,--,--,--,--
DSP Flexi Cap Fund - Direct Plan,20.08,26/68,22.00,20/54,14.60,14/35,--,--,--,--
DSP Focused Fund - Direct Plan,21.30,20/68,20.31,33/54,12.69,30/35,--,--,--,--
DSP Global Clean Energy Fund of Fund - Direct Plan,12.16,34/47,11.71,15/28,5.73,21/23,--,--,--,--
DSP Global Innovation FoF - Direct Plan,25.13,--,--,--,--,--,--,--,--,--
DSP Healthcare Fund - Direct Plan,28.02,4/11,24.35,3/9,--,--,--,--,--,--
DSP India T.I.G.E.R. Fund - Direct Plan,30.74,7/19,34.17,5/19,16.47,9/19,--,--,--,--
DSP Large Cap Fund - Direct Plan,20.96,3/78,20.25,22/57,12.04,31/42,--,--,--,--
DSP Large & Mid Cap Fund - Direct Plan,23.10,9/32,24.36,14/25,15.94,7/18,--,--,--,--
DSP Midcap Fund - Direct Plan,21.50,27/32,22.14,25/25,15.38,16/19,--,--,--,--
DSP Multicap Fund - Direct Plan,--,--,--,--,--,--,--,--,--,--
DSP Natural Resources and New Energy Fund - Direct Plan,23.81,1/2,27.65,1/2,17.64,1/1,--,--,--,--
DSP NIFTY 50 Equal Weight ETF,18.85,16/121,--,--,--,--,--,--,--,--
DSP Nifty 50 Equal Weight Index Fund - Direct Plan,18.66,24/78,23.66,4/57,--,--,--,--,--,--
DSP Nifty 50 ETF,15.53,66/121,--,--,--,--,--,--,--,--
DSP Nifty 50 Index Fund - Direct Plan,15.33,56/78,18.33,38/57,--,--,--,--,--,--
DSP Nifty Bank ETF,--,--,--,--,--,--,--,--,--,--
DSP Nifty Bank Index Fund - Direct Plan,--,--,--,--,--,--,--,--,--,--
DSP Nifty Healthcare ETF,--,--,--,--,--,--,--,--,--,--
DSP Nifty Healthcare Index Fund - Direct Plan,--,--,--,--,--,--,--,--,--,--
DSP Nifty IT ETF,--,--,--,--,--,--,--,--,--,--
DSP Nifty IT Index Fund - Direct Plan,--,--,--,--,--,--,--,--,--,--
DSP Nifty Midcap 150 Quality 50 ETF,15.66,37/39,--,--,--,--,--,--,--,--
DSP Nifty Midcap 150 Quality 50 Index Fund - Direct Plan,--,--,--,--,--,--,--,--,--,--
DSP Nifty Next 50 Index Fund - Direct Plan,19.11,13/78,20.99,9/57,--,--,--,--,--,--
DSP Nifty Private Bank ETF,--,--,--,--,--,--,--,--,--,--
DSP Nifty Private Bank Index Fund - Direct Plan,--,--,--,--,--,--,--,--,--,--
DSP Nifty PSU Bank ETF,--,--,--,--,--,--,--,--,--,--
DSP Nifty Smallcap250 Quality 50 Index Fund - Direct Plan,--,--,--,--,--,--,--,--,--,--
DSP Nifty Top 10 Equal Weight ETF,--,--,--,--,--,--,--,--,--,--
DSP Nifty Top 10 Equal Weight Index Fund - Direct Plan,--,--,--,--,--,--,--,--,--,--
DSP Quant Fund - Direct Plan,12.53,32/33,15.54,18/19,--,--,--,--,--,--
DSP Small Cap Fund - Direct Plan,23.89,18/28,32.30,15/22,17.81,6/12,--,--,--,--
DSP US Flexible Equity Fund of Fund - Direct Plan,18.52,23/47,17.98,5/28,15.13,3/23,--,--,--,--
DSP Value Fund - Direct Plan,20.98,--,--,--,--,--,--,--,--,--
DSP World Gold FoF - Direct Plan,34.24,2/47,8.18,22/28,15.69,1/23,--,--,--,--
DSP World Mining Fund of Fund - Direct Plan,13.12,32/47,13.11,12/28,13.37,5/23,--,--,--,--
Edelweiss ASEAN Equity Off-shore Fund - Direct Plan,11.65,36/47,10.18,18/28,7.64,16/23,--,--,--,--
Edelweiss BSE Capital Markets & Insurance ETF,--,--,--,--,--,--,--,--,--,--
Edelweiss BSE Internet Economy Index Fund - Direct Plan,--,--,--,--,--,--,--,--,--,--
Edelweiss Business Cycle Fund - Direct Plan,--,--,--,--,--,--,--,--,--,--
Edelweiss Consumption Fund - Direct Plan,--,--,--,--,--,--,--,--,--,--
Edelweiss ELSS Tax Saver Fund - Direct Plan,19.37,18/33,22.00,22/33,12.98,18/26,--,--,--,--
Edelweiss Emerging Markets Opportunities Equity Offshore Fund - Direct Plan,11.12,38/47,5.67,24/28,7.39,18/23,--,--,--,--
Edelweiss Europe Dynamic Equity Offshore Fund - Direct Plan,23.42,12/47,16.90,6/28,9.71,11/23,--,--,--,--
Edelweiss Flexi Cap Fund - Direct Plan,21.68,17/68,24.29,12/54,15.37,7/35,--,--,--,--
Edelweiss Focused Fund - Direct Plan,--,--,--,--,--,--,--,--,--,--
Edelweiss Greater China Equity Off-shore Fund - Direct Plan,6.67,44/47,3.05,26/28,9.26,13/23,--,--,--,--
Edelweiss Large Cap Fund - Direct Plan,18.71,23/78,20.26,21/57,13.40,7/42,--,--,--,--
Edelweiss Large & Mid Cap Fund - Direct Plan,21.01,15/32,24.65,11/25,15.43,9/18,--,--,--,--
Edelweiss Mid Cap Fund - Direct Plan,28.19,5/32,33.19,2/25,18.88,3/19,--,--,--,--
Edelweiss MSCI India Domestic & World Healthcare 45 Index Fund - Direct Plan,20.13,11/11,--,--,--,--,--,--,--,--
Edelweiss Multi Cap Fund - Direct Plan,--,--,--,--,--,--,--,--,--,--
Edelweiss Nifty 100 Quality 30 Index Fund - Direct Plan,14.68,70/78,--,--,--,--,--,--,--,--
Edelweiss Nifty500 Multicap Momentum Quality 50 ETF,--,--,--,--,--,--,--,--,--,--
Edelweiss Nifty500 Multicap Momentum Quality 50 Index Fund - Direct Plan,--,--,--,--,--,--,--,--,--,--
Edelweiss Nifty 50 Index Fund - Direct Plan,15.23,66/78,--,--,--,--,--,--,--,--
Edelweiss Nifty Alpha Low Volatility 30 Index Fund - Direct Plan,--,--,--,--,--,--,--,--,--,--
Edelweiss Nifty Bank ETF,--,--,--,--,--,--,--,--,--,--
Edelweiss NIFTY Large Mid Cap 250 Index Fund - Direct Plan,20.48,17/32,--,--,--,--,--,--,--,--
Edelweiss Nifty Midcap150 Momentum 50 Index Fund - Direct Plan,--,--,--,--,--,--,--,--,--,--
Edelweiss Nifty Next 50 Index Fund - Direct Plan,--,--,--,--,--,--,--,--,--,--
Edelweiss Nifty Smallcap 250 Index Fund - Direct Plan,--,--,--,--,--,--,--,--,--,--
Edelweiss Recently Listed IPO Fund - Direct Plan,18.88,25/33,22.25,--,--,--,--,--,--,--
Edelweiss Small Cap Fund - Direct Plan,24.95,15/28,34.59,8/22,--,--,--,--,--,--
Edelweiss Technology Fund - Direct Plan,--,--,--,--,--,--,--,--,--,--
Edelweiss US Technology Equity FoF - Direct Plan,30.19,3/47,19.00,3/28,--,--,--,--,--,--
Edelweiss US Value Equity Off-shore Fund - Direct Plan,13.39,31/47,15.57,8/28,11.30,8/23,--,--,--,--
Franklin Asian Equity Fund - Direct Plan,8.82,41/47,5.26,25/28,7.85,15/23,--,--,--,--
Franklin Build India Fund - Direct Plan,31.89,5/19,34.16,6/19,18.07,3/19,--,--,--,--
Franklin India Dividend Yield Fund - Direct Plan,19.30,7/8,27.07,2/6,15.73,2/5,--,--,--,--
Franklin India ELSS Tax Saver Fund - Direct Plan,22.09,8/33,25.64,6/33,13.95,13/26,--,--,--,--
Franklin India Flexi Cap Fund - Direct Plan,21.85,15/68,26.04,9/54,14.62,12/35,--,--,--,--
Franklin India Focused Equity Fund - Direct Plan,19.49,30/68,25.09,10/54,14.61,13/35,--,--,--,--
Franklin India Large Cap Fund - Direct Plan,16.60,42/78,20.38,19/57,11.70,37/42,--,--,--,--
Franklin India Large & Mid Cap Fund - Direct Plan,18.29,28/32,24.02,15/25,12.42,18/18,--,--,--,--
Franklin India Mid Cap Fund - Direct Plan,25.93,11/32,27.29,19/25,16.01,13/19,--,--,--,--
Franklin India Multi Cap Fund - Direct Plan,--,--,--,--,--,--,--,--,--,--
Franklin India NSE Nifty 50 Index - Direct Plan,15.26,64/78,18.20,43/57,11.93,34/42,--,--,--,--
Franklin India Opportunities Fund - Direct Plan,33.30,1/33,30.99,3/19,16.66,1/10,--,--,--,--
Franklin India Small Cap Fund - Direct Plan,27.29,8/28,34.25,10/22,17.15,8/12,--,--,--,--
Franklin India Technology Fund - Direct Plan,23.67,1/6,22.64,5/5,17.16,4/4,--,--,--,--
Franklin U.S. Opportunities Equity Active FoF - Direct Plan,21.69,15/47,13.31,11/28,14.89,4/23,--,--,--,--
Groww Banking & Financial Services Fund - Direct Plan,--,--,--,--,--,--,--,--,--,--
Groww BSE Power ETF,--,--,--,--,--,--,--,--,--,--
Groww BSE Power ETF FOF - Direct Plan,--,--,--,--,--,--,--,--,--,--
Groww ELSS Tax Saver Fund - Direct Plan,17.74,27/33,19.21,30/33,--,--,--,--,--,--
Groww Large Cap Fund - Direct Plan,17.07,38/78,18.04,46/57,12.54,19/42,--,--,--,--
Groww Multicap Fund - Direct Plan,--,--,--,--,--,--,--,--,--,--
Groww Nifty 200 ETF,--,--,--,--,--,--,--,--,--,--
Groww Nifty 200 ETF FoF - Direct Plan,--,--,--,--,--,--,--,--,--,--
Groww Nifty 500 Low Volatility 50 ETF,--,--,--,--,--,--,--,--,--,--
Groww Nifty 500 Momentum 50 ETF,--,--,--,--,--,--,--,--,--,--
Groww Nifty 500 Momentum 50 ETF FoF - Direct Plan,--,--,--,--,--,--,--,--,--,--
Groww Nifty 50 ETF,--,--,--,--,--,--,--,--,--,--
Groww Nifty 50 Index Fund - Direct Plan,--,--,--,--,--,--,--,--,--,--
Groww Nifty EV & New Age Automotive ETF,--,--,--,--,--,--,--,--,--,--
Groww Nifty EV & New Age Automotive ETF FoF - Direct Plan,--,--,--,--,--,--,--,--,--,--
Groww Nifty India Defence ETF,--,--,--,--,--,--,--,--,--,--
Groww Nifty India Defence ETF FoF - Direct Plan,--,--,--,--,--,--,--,--,--,--
Groww Nifty India Internet ETF,--,--,--,--,--,--,--,--,--,--
Groww Nifty India Internet ETF FoF - Direct Plan,--,--,--,--,--,--,--,--,--,--
Groww Nifty India Railways PSU ETF,--,--,--,--,--,--,--,--,--,--
Groww Nifty India Railways PSU Index Fund - Direct Plan,--,--,--,--,--,--,--,--,--,--
Groww Nifty Non-Cyclical Consumer Index Fund - Direct Plan,--,--,--,--,--,--,--,--,--,--
Groww Nifty Smallcap 250 Index Fund - Direct Plan,--,--,--,--,--,--,--,--,--,--
Groww Nifty Total Market Index Fund - Direct Plan,--,--,--,--,--,--,--,--,--,--
Groww Value Fund - Direct Plan,19.91,19/21,22.31,16/16,--,--,--,--,--,--
HDFC Banking & Financial Services Fund - Direct Plan,21.30,7/17,--,--,--,--,--,--,--,--
HDFC BSE 500 ETF,--,--,--,--,--,--,--,--,--,--
HDFC BSE 500 Index Fund - Direct Plan,--,--,--,--,--,--,--,--,--,--
HDFC BSE Sensex ETF,14.81,95/121,17.71,70/97,--,--,--,--,--,--
HDFC BSE Sensex Index Fund Direct Plan,14.59,72/78,17.48,53/57,12.29,22/42,--,--,--,--
HDFC Business Cycle Fund - Direct Plan,--,--,--,--,--,--,--,--,--,--
HDFC Defence Fund - Direct Plan,--,--,--,--,--,--,--,--,--,--
HDFC Developed World Equity Passive FoF - Direct Plan,20.44,--,--,--,--,--,--,--,--,--
HDFC Dividend Yield Fund - Direct Plan,22.42,4/8,--,--,--,--,--,--,--,--
HDFC ELSS Tax Saver Fund - Direct Plan,24.50,4/33,25.98,5/33,14.11,12/26,--,--,--,--
HDFC Flexi Cap Fund - Direct Plan,25.43,7/68,29.18,3/54,16.06,4/35,--,--,--,--
HDFC Focused Fund - Direct Plan,26.09,5/68,29.22,2/54,15.32,8/35,--,--,--,--
HDFC Housing Opportunities Fund - Direct Plan,23.88,10/33,25.73,10/19,--,--,--,--,--,--
HDFC Infrastructure Fund - Direct Plan,32.57,3/19,35.80,3/19,12.04,19/19,--,--,--,--
HDFC Innovation Fund - Direct Plan,--,--,--,--,--,--,--,--,--,--
HDFC Large and Mid Cap Fund - Direct Plan,23.32,7/32,27.90,4/25,14.36,13/18,--,--,--,--
HDFC Large Cap Fund - Direct Plan,19.16,9/78,22.04,6/57,13.31,9/42,--,--,--,--
HDFC Manufacturing Fund - Direct Plan,--,--,--,--,--,--,--,--,--,--
HDFC Mid Cap Fund - Direct Plan,29.24,3/32,32.49,3/25,18.55,4/19,--,--,--,--
HDFC MNC Fund - Direct Plan,--,--,--,--,--,--,--,--,--,--
HDFC Multi Cap Fund - Direct Plan,25.22,4/14,--,--,--,--,--,--,--,--
HDFC NIFTY 100 Equal Weight Index Fund - Direct Plan,18.50,29/78,--,--,--,--,--,--,--,--
HDFC NIFTY 100 ETF,--,--,--,--,--,--,--,--,--,--
HDFC NIFTY 100 Index Fund - Direct Plan,15.33,57/78,--,--,--,--,--,--,--,--
HDFC NIFTY100 Low Volatility 30 ETF,--,--,--,--,--,--,--,--,--,--
HDFC NIFTY100 Low Volatility 30 Index Fund - Direct Plan,--,--,--,--,--,--,--,--,--,--
HDFC NIFTY100 Quality 30 ETF,--,--,--,--,--,--,--,--,--,--
HDFC Nifty100 Quality 30 Index Fund - Direct Plan,--,--,--,--,--,--,--,--,--,--
HDFC NIFTY200 Momentum 30 ETF,--,--,--,--,--,--,--,--,--,--
HDFC NIFTY200 Momentum 30 Index Fund - Direct Plan,--,--,--,--,--,--,--,--,--,--
HDFC Nifty500 Multicap 50:25:25 Index Fund - Direct Plan,--,--,--,--,--,--,--,--,--,--
HDFC NIFTY50 Equal Weight Index Fund - Direct Plan,18.64,26/78,--,--,--,--,--,--,--,--
HDFC NIFTY 50 ETF,15.55,62/121,18.60,39/97,--,--,--,--,--,--
HDFC NIFTY 50 Index Fund Direct Plan,15.32,58/78,18.36,34/57,12.28,23/42,--,--,--,--
HDFC NIFTY50 Value 20 ETF,--,--,--,--,--,--,--,--,--,--
HDFC NIFTY Bank ETF,16.17,22/31,--,--,--,--,--,--,--,--
HDFC NIFTY Growth Sectors 15 ETF,--,--,--,--,--,--,--,--,--,--
HDFC Nifty India Digital Index Fund - Direct Plan,--,--,--,--,--,--,--,--,--,--
HDFC NIFTY IT ETF,--,--,--,--,--,--,--,--,--,--
HDFC Nifty LargeMidcap 250 Index Fund - Direct Plan,--,--,--,--,--,--,--,--,--,--
HDFC NIFTY Midcap 150 ETF,--,--,--,--,--,--,--,--,--,--
HDFC NIFTY Midcap 150 Index Fund - Direct Plan,--,--,--,--,--,--,--,--,--,--
HDFC NIFTY Next 50 ETF,--,--,--,--,--,--,--,--,--,--
HDFC NIFTY Next 50 Index Fund - Direct Plan,18.80,20/78,--,--,--,--,--,--,--,--
HDFC NIFTY Private Bank ETF,--,--,--,--,--,--,--,--,--,--
HDFC NIFTY PSU BANK ETF,--,--,--,--,--,--,--,--,--,--
HDFC NIFTY Realty Index Fund - Direct Plan,--,--,--,--,--,--,--,--,--,--
HDFC Nifty Smallcap 250 ETF,--,--,--,--,--,--,--,--,--,--
HDFC Nifty Smallcap 250 Index Fund - Direct Plan,--,--,--,--,--,--,--,--,--,--
HDFC Nifty Top 20 Equal Weight Index Fund - Direct Plan,--,--,--,--,--,--,--,--,--,--
HDFC Non-Cyclical Consumer Fund - Direct Plan,--,--,--,--,--,--,--,--,--,--
HDFC Pharma And Healthcare Fund - Direct Plan,--,--,--,--,--,--,--,--,--,--
HDFC Retirement Savings Fund Equity Plan - Direct Plan,21.88,14/68,26.86,6/54,--,--,--,--,--,--
HDFC Small Cap Fund - Direct Plan,27.15,10/28,34.84,7/22,19.52,4/12,--,--,--,--
HDFC Technology Fund - Direct Plan,--,--,--,--,--,--,--,--,--,--
HDFC Transportation and Logistics Fund - Direct Plan,--,--,--,--,--,--,--,--,--,--
HDFC Value Fund - Direct Plan,22.57,14/21,24.58,10/16,14.79,10/13,--,--,--,--
Helios Financial Services Fund - Direct Plan,--,--,--,--,--,--,--,--,--,--
Helios Flexi Cap Fund - Direct Plan,--,--,--,--,--,--,--,--,--,--
Helios Large & Mid Cap Fund - Direct Plan,--,--,--,--,--,--,--,--,--,--
Helios Mid Cap Fund - Direct Plan,--,--,--,--,--,--,--,--,--,--
HSBC Asia Pacific (Ex Japan) Dividend Yield Fund - Direct Plan,14.65,27/47,10.93,17/28,10.17,9/23,--,--,--,--
HSBC Brazil Fund - Direct Plan,8.10,42/47,1.49,28/28,3.36,23/23,--,--,--,--
HSBC Business Cycles Fund - Direct Plan,25.26,6/33,27.64,7/19,13.96,5/10,--,--,--,--
HSBC Consumption Fund - Direct Plan,--,--,--,--,--,--,--,--,--,--
HSBC ELSS Tax Saver Fund - Direct Plan,22.62,5/33,22.75,16/33,13.87,14/26,--,--,--,--
HSBC Financial Services Fund - Direct Plan,--,--,--,--,--,--,--,--,--,--
HSBC Flexi Cap Fund - Direct Plan,22.71,13/68,22.61,15/54,13.26,23/35,--,--,--,--
HSBC Focused Fund - Direct Plan,18.45,38/68,19.68,41/54,--,--,--,--,--,--
HSBC Global Emerging Markets Fund - Direct Plan,9.95,40/47,7.47,23/28,8.29,14/23,--,--,--,--
HSBC Global Equity Climate Change FoF - Direct Plan,10.67,39/47,--,--,--,--,--,--,--,--
HSBC India Export Opportunities Fund - Direct Plan,--,--,--,--,--,--,--,--,--,--
HSBC Infrastructure Fund - Direct Plan,27.58,12/19,31.31,15/19,16.02,11/19,--,--,--,--
HSBC Large and Mid Cap Fund - Direct Plan,23.23,8/32,23.24,18/25,--,--,--,--,--,--
HSBC Large Cap Fund - Direct Plan,16.98,39/78,18.76,28/57,12.64,17/42,--,--,--,--
HSBC Midcap Fund - Direct Plan,25.93,10/32,26.81,20/25,16.83,7/19,--,--,--,--
HSBC Multi Cap Fund - Direct Plan,--,--,--,--,--,--,--,--,--,--
HSBC Nifty 50 Index Fund - Direct Plan,15.30,60/78,18.33,39/57,--,--,--,--,--,--
HSBC Nifty Next 50 Index Fund - Direct Plan,18.79,21/78,20.70,16/57,--,--,--,--,--,--
HSBC Small Cap Fund - Direct Plan,24.43,17/28,35.42,4/22,17.80,7/12,--,--,--,--
HSBC Tax Saver Equity Fund - Direct Plan,22.66,--,23.99,--,14.34,--,--,--,--,--
HSBC Value Fund - Direct Plan,27.39,3/21,28.35,4/16,16.86,2/13,--,--,--,--
ICICI Prudential Active Momentum Fund - Direct Plan,--,--,--,--,--,--,--,--,--,--
ICICI Prudential Banking and Financial Services Fund - Direct Plan,19.29,11/17,22.27,8/12,14.47,4/10,--,--,--,--
ICICI Prudential BHARAT 22 FOF - Direct Plan,29.12,1/78,32.14,1/57,--,--,--,--,--,--
ICICI Prudential Bharat Consumption Fund - Direct Plan,18.85,6/11,22.13,7/11,--,--,--,--,--,--
ICICI Prudential BSE 500 ETF,17.71,33/70,21.23,17/55,--,--,--,--,--,--
ICICI Prudential BSE 500 ETF FOF - Direct Plan,17.73,46/68,--,--,--,--,--,--,--,--
ICICI Prudential BSE Midcap Select ETF,20.17,33/39,24.28,25/29,--,--,--,--,--,--
ICICI Prudential BSE Sensex ETF,14.85,90/121,17.73,69/97,12.50,16/60,11.92,14/44,13.83,10/29
ICICI Prudential BSE Sensex Index Fund - Direct Plan,14.58,73/78,17.41,54/57,--,--,--,--,--,--
ICICI Prudential Business Cycle Fund - Direct Plan,24.98,8/33,--,--,--,--,--,--,--,--
ICICI Prudential Commodities Fund - Direct Plan,23.61,11/33,35.83,1/19,--,--,--,--,--,--
ICICI Prudential Dividend Yield Equity Fund - Direct Plan,26.99,1/8,30.63,1/6,16.61,1/5,--,--,--,--
ICICI Prudential ELSS Tax Saver - Direct Plan,18.22,25/33,22.01,21/33,13.81,15/26,--,--,--,--
ICICI Prudential Energy Opportunities Fund - Direct Plan,--,--,--,--,--,--,--,--,--,--
ICICI Prudential Equity Minimum Variance Fund - Direct Plan,--,--,--,--,--,--,--,--,--,--
ICICI Prudential ESG Exclusionary Strategy Fund - Direct Plan,22.53,1/9,--,--,--,--,--,--,--,--
ICICI Prudential Exports and Services Fund - Direct Plan,22.75,15/33,25.32,11/19,14.18,3/10,--,--,--,--
ICICI Prudential Flexicap Fund - Direct Plan,20.85,23/68,--,--,--,--,--,--,--,--
ICICI Prudential FMCG Fund - Direct Plan,9.78,33/33,15.34,19/19,12.32,10/10,--,--,--,--
ICICI Prudential Focused Equity Fund - Direct Plan,25.53,6/68,26.43,8/54,16.05,5/35,--,--,--,--
ICICI Prudential Global Advantage Fund (FOF) - Direct Plan,14.58,28/47,9.86,20/28,--,--,--,--,--,--
ICICI Prudential Global Stable Equity Fund (FOF) - Direct Plan,11.16,37/47,11.83,14/28,9.61,12/23,--,--,--,--
ICICI Prudential Housing Opportunities Fund - Direct Plan,21.27,19/33,--,--,--,--,--,--,--,--
ICICI Prudential India Equity FOF - Direct Plan,23.23,12/68,27.85,5/54,--,--,--,--,--,--
ICICI Prudential India Opportunities Fund - Direct Plan,26.92,4/33,32.63,2/19,--,--,--,--,--,--
ICICI Prudential Infrastructure Fund - Direct Plan,33.03,1/19,37.59,2/19,16.98,5/19,--,--,--,--
ICICI Prudential Innovation Fund - Direct Plan,--,--,--,--,--,--,--,--,--,--
ICICI Prudential Large Cap Fund - Direct Plan,20.49,4/78,22.52,5/57,14.63,2/42,--,--,--,--
ICICI Prudential Large & Mid Cap Fund - Direct Plan,23.85,5/32,28.50,2/25,16.43,5/18,--,--,--,--
ICICI Prudential Manufacturing Fund - Direct Plan,28.33,3/33,30.19,4/19,--,--,--,--,--,--
ICICI Prudential Midcap Fund - Direct Plan,24.46,18/32,29.65,11/25,16.10,12/19,--,--,--,--
ICICI Prudential MNC Fund - Direct Plan,15.96,1/4,23.08,1/4,--,--,--,--,--,--
ICICI Prudential Multicap Fund - Direct Plan,23.31,7/14,26.16,--,15.44,--,--,--,--,--
ICICI Prudential NASDAQ 100 Index Fund - Direct Plan,27.00,5/47,--,--,--,--,--,--,--,--
ICICI Prudential Nifty 100 ETF,15.27,75/121,18.36,55/97,12.24,24/60,--,--,--,--
ICICI Prudential Nifty 100 Low Volatility 30 ETF,17.15,43/121,18.88,33/97,--,--,--,--,--,--
ICICI Prudential Nifty 100 Low Volatility 30 ETF FOF - Direct Plan,16.97,40/78,--,--,--,--,--,--,--,--
ICICI Prudential Nifty 200 Momentum 30 ETF,--,--,--,--,--,--,--,--,--,--
ICICI Prudential Nifty 200 Momentum 30 Index Fund - Direct Plan,--,--,--,--,--,--,--,--,--,--
ICICI Prudential Nifty 200 Quality 30 ETF,--,--,--,--,--,--,--,--,--,--
ICICI Prudential Nifty200 Quality 30 Index Fund - Direct Plan,--,--,--,--,--,--,--,--,--,--
ICICI Prudential Nifty200 Value 30 ETF,--,--,--,--,--,--,--,--,--,--
ICICI Prudential Nifty200 Value 30 Index Fund - Direct Plan,--,--,--,--,--,--,--,--,--,--
ICICI Prudential Nifty 500 Index Fund - Direct Plan,--,--,--,--,--,--,--,--,--,--
ICICI Prudential Nifty50 Equal Weight Index Fund - Direct Plan,--,--,--,--,--,--,--,--,--,--
ICICI Prudential Nifty 50 ETF,15.58,56/121,18.62,36/97,12.55,11/60,--,--,--,--
ICICI Prudential Nifty 50 Index Fund - Direct Plan,15.30,59/78,18.34,37/57,12.19,27/42,--,--,--,--
ICICI Prudential Nifty50 Value 20 ETF,15.64,23/25,20.46,17/20,--,--,--,--,--,--
ICICI Prudential Nifty50 Value 20 Index Fund - Direct Plan,--,--,--,--,--,--,--,--,--,--
ICICI Prudential Nifty Alpha Low Volatility 30 ETF,18.79,20/36,--,--,--,--,--,--,--,--
ICICI Prudential Nifty Alpha Low Volatility 30 ETF FOF - Direct Plan,18.57,26/32,--,--,--,--,--,--,--,--
ICICI Prudential Nifty Auto ETF,24.85,5/38,--,--,--,--,--,--,--,--
ICICI Prudential Nifty Auto Index Fund - Direct Plan,--,--,--,--,--,--,--,--,--,--
ICICI Prudential Nifty Bank ETF,16.23,17/31,20.69,10/21,--,--,--,--,--,--
ICICI Prudential Nifty Bank Index Fund - Direct Plan,15.98,17/17,--,--,--,--,--,--,--,--
ICICI Prudential Nifty Commodities ETF,--,--,--,--,--,--,--,--,--,--
ICICI Prudential Nifty EV & New Age Automotive ETF,--,--,--,--,--,--,--,--,--,--
ICICI Prudential Nifty EV & New Age Automotive ETF FoF - Direct Plan,--,--,--,--,--,--,--,--,--,--
ICICI Prudential Nifty Financial Services Ex-Bank ETF,--,--,--,--,--,--,--,--,--,--
ICICI Prudential Nifty FMCG ETF,10.40,37/38,--,--,--,--,--,--,--,--
ICICI Prudential Nifty Healthcare ETF,24.43,8/15,--,--,--,--,--,--,--,--
ICICI Prudential Nifty India Consumption ETF,17.28,7/15,--,--,--,--,--,--,--,--
ICICI Prudential Nifty Infrastructure ETF,--,--,--,--,--,--,--,--,--,--
ICICI Prudential Nifty IT ETF,9.94,9/13,--,--,--,--,--,--,--,--
ICICI Prudential Nifty IT Index Fund - Direct Plan,--,--,--,--,--,--,--,--,--,--
ICICI Prudential Nifty LargeMidcap 250 Index Fund - Direct Plan,--,--,--,--,--,--,--,--,--,--
ICICI Prudential Nifty Metal ETF,--,--,--,--,--,--,--,--,--,--
ICICI Prudential Nifty Midcap 150 ETF,25.60,11/39,30.05,8/29,--,--,--,--,--,--
ICICI Prudential Nifty Midcap 150 Index Fund - Direct Plan,25.17,16/32,--,--,--,--,--,--,--,--
ICICI Prudential Nifty Next 50 ETF,19.36,11/121,21.39,10/97,--,--,--,--,--,--
ICICI Prudential Nifty Next 50 Index Fund - Direct Plan,18.95,18/78,20.86,12/57,13.06,12/42,--,--,--,--
ICICI Prudential Nifty Oil & Gas ETF,--,--,--,--,--,--,--,--,--,--
ICICI Prudential Nifty Pharma Index Fund - Direct Plan,--,--,--,--,--,--,--,--,--,--
ICICI Prudential Nifty Private Bank ETF,14.65,30/31,17.70,20/21,--,--,--,--,--,--
ICICI Prudential Nifty Private Bank Index Fund - Direct Plan,--,--,--,--,--,--,--,--,--,--
ICICI Prudential Nifty PSU Bank ETF,--,--,--,--,--,--,--,--,--,--
ICICI Prudential Nifty Smallcap 250 Index Fund - Direct Plan,25.95,12/28,--,--,--,--,--,--,--,--
ICICI Prudential Nifty Top 15 Equal Weight ETF,--,--,--,--,--,--,--,--,--,--
ICICI Prudential Nifty Top 15 Equal Weight Index Fund - Direct Plan,--,--,--,--,--,--,--,--,--,--
ICICI Prudential Passive Strategy Fund (FOF) - Direct Plan,19.98,27/68,22.42,16/54,13.35,--,--,--,--,--
ICICI Prudential Pharma Healthcare and Diagnostics (P.H.D) Fund - Direct Plan,30.75,1/11,25.36,1/9,--,--,--,--,--,--
ICICI Prudential PSU Equity Fund - Direct Plan,--,--,--,--,--,--,--,--,--,--
ICICI Prudential Quality Fund - Direct Plan,--,--,--,--,--,--,--,--,--,--
ICICI Prudential Quant Fund - Direct Plan,19.17,24/33,--,--,--,--,--,--,--,--
ICICI Prudential Retirement Fund - Pure Equity Plan - Direct Plan,27.49,2/68,29.80,1/54,--,--,--,--,--,--
ICICI Prudential Rural Opportunities Fund - Direct Plan,--,--,--,--,--,--,--,--,--,--
ICICI Prudential Smallcap Fund - Direct Plan,20.78,24/28,32.79,14/22,16.53,9/12,--,--,--,--
ICICI Prudential Strategic Metal and Energy Equity FoF - Direct Plan,18.54,22/47,--,--,--,--,--,--,--,--
ICICI Prudential Technology Fund - Direct Plan,15.56,5/6,25.97,1/5,18.03,2/4,--,--,--,--
ICICI Prudential Thematic Advantage Fund (FOF) - Direct,22.80,14/33,27.70,6/19,16.74,--,--,--,--,--
ICICI Prudential Transportation and Logistics Fund - Direct Plan,--,--,--,--,--,--,--,--,--,--
ICICI Prudential US Bluechip Equity Fund - Direct Plan,16.67,25/47,15.87,7/28,15.14,2/23,--,--,--,--
ICICI Prudential Value Fund - Direct Plan,24.00,7/21,27.47,7/16,15.67,7/13,--,--,--,--
Invesco India Business Cycle Fund - Direct Plan,--,--,--,--,--,--,--,--,--,--
Invesco India Contra Fund - Direct Plan,23.73,9/21,24.28,11/16,16.91,1/13,--,--,--,--
Invesco India ELSS Tax Saver Fund - Direct Plan,20.84,12/33,21.13,26/33,14.63,11/26,--,--,--,--
Invesco India ESG Integration Strategy Fund - Direct Plan,16.58,4/9,--,--,--,--,--,--,--,--
Invesco India Financial Services Fund - Direct Plan,25.42,1/17,24.03,3/12,16.11,2/10,--,--,--,--
Invesco India Flexi Cap Fund - Direct Plan,26.77,3/68,--,--,--,--,--,--,--,--
Invesco India Focused Fund - Direct Plan,27.51,1/68,--,--,--,--,--,--,--,--
Invesco India Infrastructure Fund - Direct Plan,30.01,8/19,32.61,10/19,18.12,2/19,--,--,--,--
Invesco India - Invesco EQQQ NASDAQ-100 ETF FoF - Direct Plan,26.81,8/47,--,--,--,--,--,--,--,--
Invesco India - Invesco Global Consumer Trends FoF - Direct Plan,17.95,24/47,--,--,--,--,--,--,--,--
Invesco India - Invesco Global Equity Income FoF - Direct Plan,23.40,13/47,19.86,2/28,11.99,7/23,--,--,--,--
Invesco India - Invesco Pan European Equity FoF - Direct Plan,19.12,20/47,15.05,9/28,7.37,19/23,--,--,--,--
Invesco India Largecap Fund - Direct Plan,20.08,5/78,20.95,11/57,13.99,4/42,--,--,--,--
Invesco India Large & Mid Cap Fund - Direct Plan,28.91,2/32,26.54,6/25,16.97,2/18,--,--,--,--
Invesco India Manufacturing Fund - Direct Plan,--,--,--,--,--,--,--,--,--,--
Invesco India Mid Cap Fund - Direct Plan,31.42,1/32,31.30,6/25,19.39,1/19,--,--,--,--
Invesco India Multicap Fund - Direct Plan,22.60,8/14,25.29,--,15.20,--,--,--,--,--
Invesco India Nifty 50 ETF,15.48,73/121,18.53,50/97,12.50,15/60,--,--,--,--
Invesco India PSU Equity Fund - Direct Plan,36.48,1/3,29.47,3/3,17.35,1/2,--,--,--,--
Invesco India Smallcap Fund - Direct Plan,29.85,3/28,34.52,9/22,--,--,--,--,--,--
Invesco India Technology Fund - Direct Plan,--,--,--,--,--,--,--,--,--,--
ITI Banking and Financial Services Fund - Direct Plan,17.83,13/17,--,--,--,--,--,--,--,--
ITI Bharat Consumption Fund - Direct Plan,--,--,--,--,--,--,--,--,--,--
ITI ELSS Tax Saver Fund - Direct Plan,25.04,3/33,23.35,13/33,--,--,--,--,--,--
ITI Flexi Cap Fund - Direct Plan,--,--,--,--,--,--,--,--,--,--
ITI Focused Fund - Direct Plan,--,--,--,--,--,--,--,--,--,--
ITI Large Cap Fund - Direct Plan,18.08,31/78,--,--,--,--,--,--,--,--
ITI Large & Mid Cap Fund - Direct Plan,--,--,--,--,--,--,--,--,--,--
ITI Mid Cap Fund - Direct Plan,27.02,7/32,--,--,--,--,--,--,--,--
ITI Multi Cap Fund - Direct Plan,24.26,6/14,22.29,--,--,--,--,--,--,--
ITI Pharma and Healthcare Fund - Direct Plan,25.32,8/11,--,--,--,--,--,--,--,--
ITI Small Cap Fund - Direct Plan,31.56,2/28,29.93,20/22,--,--,--,--,--,--
ITI Value Fund - Direct Plan,23.47,10/21,--,--,--,--,--,--,--,--
JM ELSS Tax Saver Fund - Direct Plan,22.56,6/33,25.06,8/33,15.91,5/26,--,--,--,--
JM Flexicap Fund - Direct Plan,25.30,8/68,26.72,7/54,16.68,3/35,--,--,--,--
JM Focused Fund - Direct Plan,21.09,21/68,21.43,24/54,13.93,18/35,--,--,--,--
JM Large Cap Fund - Direct Plan,18.66,25/78,18.13,45/57,11.63,39/42,--,--,--,--
JM Large & Mid Cap Fund - Direct Plan,--,--,--,--,--,--,--,--,--,--
JM Midcap Fund - Direct Plan,--,--,--,--,--,--,--,--,--,--
JM Small Cap Fund - Direct Plan,--,--,--,--,--,--,--,--,--,--
JM Value Fund - Direct Plan,27.83,2/21,27.71,5/16,16.98,--,--,--,--,--
Kotak Active Momentum Fund - Direct Plan,--,--,--,--,--,--,--,--,--,--
Kotak Banking & Financial Services Fund - Direct Plan,--,--,--,--,--,--,--,--,--,--
Kotak BSE Housing Index Fund - Direct Plan,--,--,--,--,--,--,--,--,--,--
Kotak BSE PSU Index Fund - Direct Plan,--,--,--,--,--,--,--,--,--,--
Kotak BSE Sensex ETF,14.58,103/121,17.47,81/97,12.28,21/60,11.63,18/44,--,--
Kotak BSE Sensex Index Fund - Direct Plan,--,--,--,--,--,--,--,--,--,--
Kotak Business Cycle Fund - Direct Plan,--,--,--,--,--,--,--,--,--,--
Kotak Consumption Fund - Direct Plan,--,--,--,--,--,--,--,--,--,--
Kotak Contra Fund - Direct Plan,24.38,6/21,25.47,9/16,16.65,3/13,--,--,--,--
Kotak ELSS Tax Saver - Direct Plan,19.67,16/33,23.16,14/33,15.11,8/26,--,--,--,--
Kotak Energy Opportunities Fund - Direct Plan,--,--,--,--,--,--,--,--,--,--
Kotak ESG Exclusionary Strategy Fund - Direct Plan,17.12,3/9,--,--,--,--,--,--,--,--
Kotak Flexicap Fund - Direct Plan,19.97,28/68,20.97,28/54,14.73,10/35,--,--,--,--
Kotak Focused Fund - Direct Plan,18.71,34/68,21.57,23/54,--,--,--,--,--,--
Kotak Global Emerging Market - Direct Plan,11.71,35/47,8.22,21/28,6.99,20/23,--,--,--,--
Kotak Global Innovation FoF - Direct Plan,18.71,--,--,--,--,--,--,--,--,--
Kotak Healthcare Fund - Direct Plan,--,--,--,--,--,--,--,--,--,--
Kotak Infrastructure and Economic Reform Fund - Standard Plan - Direct Plan,27.36,13/19,33.08,9/19,16.94,6/19,--,--,--,--
Kotak International REIT FOF - Direct Plan,3.87,46/47,--,--,--,--,--,--,--,--
Kotak Large Cap Fund - Direct Plan,18.06,32/78,20.54,18/57,13.62,6/42,--,--,--,--
Kotak Large & Midcap Fund - Direct Plan,22.27,10/32,24.39,13/25,16.23,6/18,--,--,--,--
Kotak Manufacture in India Fund - Direct Plan,22.64,16/33,--,--,--,--,--,--,--,--
Kotak Midcap Fund - Direct Plan,25.17,17/32,30.94,7/25,19.06,2/19,--,--,--,--
Kotak MNC Fund - Direct Plan,--,--,--,--,--,--,--,--,--,--
Kotak MSCI India ETF,--,--,--,--,--,--,--,--,--,--
Kotak Multicap Fund - Direct Plan,26.58,2/14,--,--,--,--,--,--,--,--
Kotak Nasdaq 100 FOF - Direct Plan,26.99,7/47,--,--,--,--,--,--,--,--
Kotak Nifty 100 Equal Weight ETF,--,--,--,--,--,--,--,--,--,--
Kotak Nifty 100 Equal Weight Index Fund - Direct Plan,--,--,--,--,--,--,--,--,--,--
Kotak Nifty 100 Low Volatility 30 ETF,17.46,38/121,--,--,--,--,--,--,--,--
Kotak Nifty 100 Low Volatility 30 Index Fund - Direct Plan,--,--,--,--,--,--,--,--,--,--
Kotak Nifty 200 Momentum 30 Index Fund - Direct Plan,--,--,--,--,--,--,--,--,--,--
Kotak Nifty200 Quality 30 ETF,--,--,--,--,--,--,--,--,--,--
Kotak Nifty 200 Quality 30 Index Fund - Direct Plan,--,--,--,--,--,--,--,--,--,--
Kotak Nifty 50 Equal Weight Index Fund - Direct Plan,--,--,--,--,--,--,--,--,--,--
Kotak Nifty 50 ETF,15.49,71/121,18.53,51/97,12.32,19/60,11.61,19/44,--,--
Kotak Nifty 50 Index Fund - Direct Plan,15.21,67/78,--,--,--,--,--,--,--,--
Kotak Nifty 50 Value 20 ETF,15.79,22/25,20.57,16/20,--,--,--,--,--,--
Kotak Nifty Alpha 50 ETF,22.09,12/70,--,--,--,--,--,--,--,--
Kotak Nifty Alpha 50 Index Fund - Direct Plan,--,--,--,--,--,--,--,--,--,--
Kotak Nifty Bank ETF,16.14,23/31,20.57,14/21,11.98,8/15,--,--,--,--
Kotak Nifty Commodities Index Fund - Direct Plan,--,--,--,--,--,--,--,--,--,--
Kotak Nifty Financial Services Ex-Bank Index Fund - Direct Plan,--,--,--,--,--,--,--,--,--,--
Kotak NIFTY India Consumption ETF,--,--,--,--,--,--,--,--,--,--
Kotak Nifty India Tourism Index Fund - Direct Plan,--,--,--,--,--,--,--,--,--,--
Kotak Nifty IT ETF,10.06,8/13,--,--,--,--,--,--,--,--
Kotak Nifty Midcap 150 ETF,--,--,--,--,--,--,--,--,--,--
Kotak Nifty Midcap 150 Index Fund - Direct Plan,--,--,--,--,--,--,--,--,--,--
Kotak Nifty Midcap 150 Momentum 50 Index Fund - Direct Plan,--,--,--,--,--,--,--,--,--,--
Kotak Nifty Midcap 50 ETF,27.04,5/39,--,--,--,--,--,--,--,--
Kotak Nifty Midcap 50 Index Fund - Direct Plan,--,--,--,--,--,--,--,--,--,--
Kotak Nifty MNC ETF,--,--,--,--,--,--,--,--,--,--
Kotak Nifty Next 50 Index Fund - Direct Plan,19.27,6/78,--,--,--,--,--,--,--,--
Kotak Nifty PSU Bank ETF,36.40,1/31,37.59,2/21,7.89,14/15,4.57,8/8,--,--
Kotak Nifty Smallcap 250 Index Fund - Direct Plan,--,--,--,--,--,--,--,--,--,--
Kotak Nifty Smallcap 50 Index Fund - Direct Plan,--,--,--,--,--,--,--,--,--,--
Kotak Nifty Top 10 Equal Weight Index Fund - Direct Plan,--,--,--,--,--,--,--,--,--,--
Kotak Pioneer Fund - Direct Plan,25.01,7/33,26.89,9/19,--,--,--,--,--,--
Kotak Quant Fund - Direct Plan,--,--,--,--,--,--,--,--,--,--
Kotak Small Cap Fund - Direct Plan,20.29,26/28,32.88,12/22,18.82,5/12,--,--,--,--
Kotak Special Opportunities Fund - Direct Plan,--,--,--,--,--,--,--,--,--,--
Kotak Technology Fund - Direct Plan,--,--,--,--,--,--,--,--,--,--
Kotak Transportation & Logistics Fund - Direct Plan,--,--,--,--,--,--,--,--,--,--
LIC MF Banking & Financial Services Fund - Direct Plan,16.61,14/17,18.98,12/12,9.11,10/10,--,--,--,--
LIC MF BSE Sensex ETF,14.76,100/121,17.65,77/97,--,--,--,--,--,--
LIC MF BSE Sensex Index Plan - Direct Plan,14.44,75/78,17.24,55/57,11.79,36/42,--,--,--,--
LIC MF Children's Fund - Direct Plan,13.16,67/68,14.32,54/54,9.32,--,--,--,--,--
LIC MF Dividend Yield Fund - Direct Plan,25.03,2/8,24.38,3/6,--,--,--,--,--,--
LIC MF ELSS Tax Saver - Direct Plan,18.82,21/33,20.91,27/33,12.60,24/26,--,--,--,--
LIC MF Flexi Cap Fund - Direct Plan,16.07,57/68,18.56,46/54,10.62,34/35,--,--,--,--
LIC MF Focused Fund - Direct Plan,15.34,--,18.26,--,--,--,--,--,--,--
LIC MF Healthcare Fund - Direct Plan,22.97,10/11,18.72,9/9,--,--,--,--,--,--
LIC MF Infrastructure Fund - Direct Plan,31.66,6/19,33.36,7/19,16.01,12/19,--,--,--,--
LIC MF Large Cap Fund - Direct Plan,15.09,68/78,17.96,47/57,11.46,41/42,--,--,--,--
LIC MF Large & Mid Cap Fund - Direct Plan,19.51,22/32,23.41,17/25,15.67,8/18,--,--,--,--
LIC MF Manufacturing Fund - Direct Plan,--,--,--,--,--,--,--,--,--,--
LIC MF Midcap Fund - Direct Plan,22.83,22/32,24.88,23/25,--,--,--,--,--,--
LIC MF Multi Cap Fund - Direct Plan,--,--,--,--,--,--,--,--,--,--
LIC MF Nifty 100 ETF,15.50,70/121,18.57,45/97,--,--,--,--,--,--
LIC MF Nifty 50 ETF,15.48,72/121,18.53,49/97,--,--,--,--,--,--
LIC MF Nifty 50 Index Plan - Direct Plan,15.25,65/78,18.17,44/57,12.03,32/42,--,--,--,--
LIC MF Nifty Midcap 100 ETF,--,--,--,--,--,--,--,--,--,--
LIC MF Nifty Next 50 Index Fund - Direct Plan,19.05,16/78,20.79,13/57,13.04,13/42,--,--,--,--
LIC MF Small Cap Fund - Direct Plan,23.38,19/28,32.24,16/22,--,--,--,--,--,--
LIC MF Value Fund - Direct Plan,--,--,--,--,--,--,--,--,--,--
Mahindra Manulife Asia Pacific REITs FoF - Direct Plan,2.49,47/47,--,--,--,--,--,--,--,--
Mahindra Manulife Banking & Financial Services Fund - Direct Plan,--,--,--,--,--,--,--,--,--,--
Mahindra Manulife Business Cycle Fund - Direct Plan,--,--,--,--,--,--,--,--,--,--
Mahindra Manulife Consumption Fund - Direct Plan,18.35,8/11,21.26,9/11,--,--,--,--,--,--
Mahindra Manulife ELSS Tax Saver Fund - Direct Plan,18.24,24/33,23.06,15/33,--,--,--,--,--,--
Mahindra Manulife Flexi Cap Fund - Direct Plan,20.29,24/68,--,--,--,--,--,--,--,--
Mahindra Manulife Focused Fund - Direct Plan,23.38,10/68,--,--,--,--,--,--,--,--
Mahindra Manulife Large Cap Fund - Direct Plan,17.38,36/78,20.54,17/57,--,--,--,--,--,--
Mahindra Manulife Large & Mid Cap Fund - Direct Plan,20.44,19/32,25.63,8/25,--,--,--,--,--,--
Mahindra Manulife Manufacturing Fund - Direct Plan,--,--,--,--,--,--,--,--,--,--
Mahindra Manulife Mid Cap Fund - Direct Plan,27.31,6/32,30.77,8/25,--,--,--,--,--,--
Mahindra Manulife Multi Cap Fund - Direct Plan,24.58,5/14,28.23,--,--,--,--,--,--,--
Mahindra Manulife Small Cap Fund - Direct Plan,--,--,--,--,--,--,--,--,--,--
Mahindra Manulife Value Fund - Direct Plan,--,--,--,--,--,--,--,--,--,--
Mirae Asset Banking and Financial Services Fund - Direct Plan,21.44,6/17,--,--,--,--,--,--,--,--
Mirae Asset BSE 200 Equal Weight ETF,--,--,--,--,--,--,--,--,--,--
Mirae Asset BSE 200 Equal Weight ETF FoF - Direct Plan,--,--,--,--,--,--,--,--,--,--
Mirae Asset BSE Select IPO ETF,--,--,--,--,--,--,--,--,--,--
Mirae Asset BSE Select IPO ETF FoF - Direct Plan,--,--,--,--,--,--,--,--,--,--
Mirae Asset BSE Sensex ETF,--,--,--,--,--,--,--,--,--,--
Mirae Asset Diversified Equity Allocator Passive FoF - Direct Plan,17.55,35/78,--,--,--,--,--,--,--,--
Mirae Asset ELSS Tax Saver Fund - Direct Plan,19.50,17/33,23.56,12/33,--,--,--,--,--,--
Mirae Asset Flexi Cap Fund - Direct Plan,--,--,--,--,--,--,--,--,--,--
Mirae Asset Focused Fund - Direct Plan,14.16,63/68,19.22,43/54,--,--,--,--,--,--
Mirae Asset Global Electric & Autonomous Vehicles Equity Passive FoF - Direct Plan,--,--,--,--,--,--,--,--,--,--
Mirae Asset Global X Artificial Intelligence & Technology ETF FoF - Direct Plan,--,--,--,--,--,--,--,--,--,--
Mirae Asset Great Consumer Fund - Direct Plan,20.42,2/11,24.25,3/11,16.86,1/7,--,--,--,--
Mirae Asset Hang Seng TECH ETF,10.96,41/53,--,--,--,--,--,--,--,--
Mirae Asset Hang Seng TECH ETF FoF - Direct Plan,13.91,30/47,--,--,--,--,--,--,--,--
Mirae Asset Healthcare Fund - Direct Plan,25.62,7/11,23.60,5/9,--,--,--,--,--,--
Mirae Asset Large Cap Fund - Direct Plan,15.52,48/78,18.65,29/57,13.89,5/42,--,--,--,--
Mirae Asset Large & Midcap Fund - Direct Plan,18.52,27/32,23.21,19/25,17.96,1/18,--,--,--,--
Mirae Asset Midcap Fund - Direct Plan,21.96,24/32,29.65,10/25,--,--,--,--,--,--
Mirae Asset Multicap Fund - Direct Plan,--,--,--,--,--,--,--,--,--,--
Mirae Asset Nifty 100 ESG Sector Leaders ETF,14.79,6/10,--,--,--,--,--,--,--,--
Mirae Asset Nifty 100 ESG Sector Leaders FoF - Direct Plan,14.73,9/9,--,--,--,--,--,--,--,--
Mirae Asset Nifty 100 Low Volatility 30 ETF,--,--,--,--,--,--,--,--,--,--
Mirae Asset Nifty 200 Alpha 30 ETF,--,--,--,--,--,--,--,--,--,--
Mirae Asset Nifty 200 Alpha 30 ETF FoF - Direct Plan,--,--,--,--,--,--,--,--,--,--
Mirae Asset Nifty500 Multicap 50:25:25 ETF,--,--,--,--,--,--,--,--,--,--
Mirae Asset Nifty50 Equal Weight ETF,--,--,--,--,--,--,--,--,--,--
Mirae Asset Nifty 50 ETF,15.55,60/121,18.61,37/97,--,--,--,--,--,--
Mirae Asset Nifty 50 Index Fund - Direct Plan,--,--,--,--,--,--,--,--,--,--
Mirae Asset Nifty Bank ETF,--,--,--,--,--,--,--,--,--,--
Mirae Asset Nifty EV and New Age Automotive ETF,--,--,--,--,--,--,--,--,--,--
Mirae Asset Nifty Financial Services ETF,17.73,15/31,--,--,--,--,--,--,--,--
Mirae Asset Nifty India Internet ETF,--,--,--,--,--,--,--,--,--,--
Mirae Asset Nifty India Manufacturing ETF,22.70,11/38,--,--,--,--,--,--,--,--
Mirae Asset Nifty India Manufacturing ETF FoF - Direct Plan,22.32,17/33,--,--,--,--,--,--,--,--
Mirae Asset Nifty India New Age Consumption ETF,--,--,--,--,--,--,--,--,--,--
Mirae Asset Nifty India New Age Consumption ETF FoF - Direct Plan,--,--,--,--,--,--,--,--,--,--
Mirae Asset Nifty IT ETF,--,--,--,--,--,--,--,--,--,--
Mirae Asset Nifty LargeMidcap 250 Index Fund - Direct Plan,--,--,--,--,--,--,--,--,--,--
Mirae Asset Nifty Metal ETF,--,--,--,--,--,--,--,--,--,--
Mirae Asset Nifty Midcap 150 ETF,25.68,8/39,--,--,--,--,--,--,--,--
Mirae Asset Nifty MidSmallcap400 Momentum Quality 100 ETF,--,--,--,--,--,--,--,--,--,--
Mirae Asset Nifty MidSmallcap400 Momentum Quality 100 ETF FoF - Direct Plan,--,--,--,--,--,--,--,--,--,--
Mirae Asset Nifty Next 50 ETF,19.24,14/121,20.95,17/97,--,--,--,--,--,--
Mirae Asset Nifty PSU Bank ETF,--,--,--,--,--,--,--,--,--,--
Mirae Asset Nifty Smallcap 250 Momentum Quality 100 ETF,--,--,--,--,--,--,--,--,--,--
Mirae Asset Nifty Smallcap 250 Momentum Quality 100 ETF FoF - Direct Plan,--,--,--,--,--,--,--,--,--,--
Mirae Asset Nifty Total Market Index Fund - Direct Plan,--,--,--,--,--,--,--,--,--,--
Mirae Asset NYSE FANG+ ETF,45.19,2/53,--,--,--,--,--,--,--,--
Mirae Asset NYSE FANG+ ETF FoF - Direct Plan,52.98,1/47,--,--,--,--,--,--,--,--
Mirae Asset Small Cap Fund - Direct Plan,--,--,--,--,--,--,--,--,--,--
Mirae Asset S&P 500 Top 50 ETF,24.73,12/53,--,--,--,--,--,--,--,--
Mirae Asset S&P 500 Top 50 ETF FoF - Direct Plan,28.50,4/47,--,--,--,--,--,--,--,--
Motilal Oswal Active Momentum Fund - Direct Plan,--,--,--,--,--,--,--,--,--,--
Motilal Oswal BSE 1000 Index Fund - Direct Plan,--,--,--,--,--,--,--,--,--,--
Motilal Oswal BSE Enhanced Value ETF,--,--,--,--,--,--,--,--,--,--
Motilal Oswal BSE Enhanced Value Index Fund - Direct Plan,--,--,--,--,--,--,--,--,--,--
Motilal Oswal BSE Financials ex Bank 30 Index Fund - Direct Plan,--,--,--,--,--,--,--,--,--,--
Motilal Oswal BSE Healthcare ETF,--,--,--,--,--,--,--,--,--,--
Motilal Oswal BSE India Infrastructure ETF,--,--,--,--,--,--,--,--,--,--
Motilal Oswal BSE Low Volatility ETF,17.13,30/36,--,--,--,--,--,--,--,--
Motilal Oswal BSE Low Volatility Index Fund - Direct Plan,16.72,32/32,--,--,--,--,--,--,--,--
Motilal Oswal BSE Quality ETF,--,--,--,--,--,--,--,--,--,--
Motilal Oswal BSE Quality Index Fund - Direct Plan,--,--,--,--,--,--,--,--,--,--
Motilal Oswal Business Cycle Fund - Direct Plan,--,--,--,--,--,--,--,--,--,--
Motilal Oswal Developed Market Ex US ETFs FoF - Direct Plan,--,--,--,--,--,--,--,--,--,--
Motilal Oswal Digital India Fund - Direct Plan,--,--,--,--,--,--,--,--,--,--
Motilal Oswal ELSS Tax Saver Fund - Direct Plan,29.73,1/33,27.91,2/33,17.91,2/26,--,--,--,--
Motilal Oswal Flexi Cap Fund - Direct Plan,26.09,4/68,20.43,31/54,13.81,21/35,--,--,--,--
Motilal Oswal Focused Fund - Direct Plan,13.42,64/68,15.33,53/54,11.44,33/35,--,--,--,--
Motilal Oswal Infrastructure Fund - Direct Plan,--,--,--,--,--,--,--,--,--,--
Motilal Oswal Innovation Opportunities Fund - Direct Plan,--,--,--,--,--,--,--,--,--,--
Motilal Oswal Large and Midcap Fund - Direct Plan,31.60,1/32,30.70,1/25,--,--,--,--,--,--
Motilal Oswal Large Cap Fund - Direct Plan,--,--,--,--,--,--,--,--,--,--
Motilal Oswal Manufacturing Fund - Direct Plan,--,--,--,--,--,--,--,--,--,--
Motilal Oswal Midcap Fund - Direct Plan,31.12,2/32,36.21,1/25,18.39,5/19,--,--,--,--
Motilal Oswal Multi Cap Fund - Direct Plan,--,--,--,--,--,--,--,--,--,--
Motilal Oswal NASDAQ 100 ETF,26.61,6/53,20.49,1/30,20.98,1/25,--,--,--,--
Motilal Oswal Nasdaq 100 FOF - Direct Plan,26.99,6/47,20.47,1/28,--,--,--,--,--,--
Motilal Oswal Nasdaq Q50 ETF,15.60,29/53,--,--,--,--,--,--,--,--
Motilal Oswal Nifty 200 Momentum 30 ETF,20.88,11/36,--,--,--,--,--,--,--,--
Motilal Oswal Nifty 200 Momentum 30 Index Fund - Direct Plan,20.96,16/32,--,--,--,--,--,--,--,--
Motilal Oswal Nifty 500 ETF,--,--,--,--,--,--,--,--,--,--
Motilal Oswal Nifty 500 Index Fund - Direct Plan,17.93,43/68,21.03,26/54,--,--,--,--,--,--
Motilal Oswal Nifty 500 Momentum 50 ETF,--,--,--,--,--,--,--,--,--,--
Motilal Oswal Nifty 500 Momentum 50 Index Fund - Direct Plan,--,--,--,--,--,--,--,--,--,--
Motilal Oswal Nifty 50 Equal Weight ETF,--,--,--,--,--,--,--,--,--,--
Motilal Oswal Nifty 50 ETF,15.54,64/121,18.56,47/97,12.11,27/60,--,--,--,--
Motilal Oswal Nifty 50 Index Fund - Direct Plan,15.40,49/78,18.37,33/57,--,--,--,--,--,--
Motilal Oswal Nifty Alpha 50 ETF,--,--,--,--,--,--,--,--,--,--
Motilal Oswal Nifty Bank Index Fund - Direct Plan,16.14,15/17,20.39,10/12,--,--,--,--,--,--
Motilal Oswal Nifty Capital Market ETF,--,--,--,--,--,--,--,--,--,--
Motilal Oswal Nifty Capital Market Index Fund - Direct Plan,--,--,--,--,--,--,--,--,--,--
Motilal Oswal Nifty India Defence ETF,--,--,--,--,--,--,--,--,--,--
Motilal Oswal Nifty India Defence Index Fund - Direct Plan,--,--,--,--,--,--,--,--,--,--
Motilal Oswal Nifty India Manufacturing ETF,--,--,--,--,--,--,--,--,--,--
Motilal Oswal Nifty India Tourism ETF,--,--,--,--,--,--,--,--,--,--
Motilal Oswal Nifty Microcap 250 Index Fund - Direct Plan,--,--,--,--,--,--,--,--,--,--
Motilal Oswal Nifty Midcap 100 ETF,26.44,6/39,30.64,5/29,15.97,7/20,--,--,--,--
Motilal Oswal Nifty Midcap 150 Index Fund - Direct Plan,25.52,12/32,29.88,9/25,--,--,--,--,--,--
Motilal Oswal Nifty Midcap150 Momentum 50 ETF,--,--,--,--,--,--,--,--,--,--
Motilal Oswal Nifty MidSmall Financial Services Index Fund - Direct Plan,--,--,--,--,--,--,--,--,--,--
Motilal Oswal Nifty MidSmall Healthcare Index Fund - Direct Plan,--,--,--,--,--,--,--,--,--,--
Motilal Oswal Nifty MidSmall India Consumption Index Fund - Direct Plan,--,--,--,--,--,--,--,--,--,--
Motilal Oswal Nifty MidSmall IT and Telecom Index Fund - Direct Plan,--,--,--,--,--,--,--,--,--,--
Motilal Oswal Nifty Next 50 ETF,--,--,--,--,--,--,--,--,--,--
Motilal Oswal Nifty Next 50 Index Fund - Direct Plan,19.17,8/78,20.72,15/57,--,--,--,--,--,--
Motilal Oswal Nifty PSE ETF,--,--,--,--,--,--,--,--,--,--
Motilal Oswal Nifty Realty ETF,--,--,--,--,--,--,--,--,--,--
Motilal Oswal Nifty Smallcap 250 ETF,--,--,--,--,--,--,--,--,--,--
Motilal Oswal Nifty Smallcap 250 Index Fund - Direct Plan,26.19,11/28,32.06,17/22,--,--,--,--,--,--
Motilal Oswal Quant Fund - Direct Plan,--,--,--,--,--,--,--,--,--,--
Motilal Oswal Services Fund - Direct Plan,--,--,--,--,--,--,--,--,--,--
Motilal Oswal Small Cap Fund - Direct Plan,--,--,--,--,--,--,--,--,--,--
Motilal Oswal S&P 500 Index Fund - Direct Plan,20.98,16/47,18.28,4/28,--,--,--,--,--,--
Motilal Oswal Special Opportunities Fund - Direct Plan,--,--,--,--,--,--,--,--,--,--
Navi BSE Sensex Index Fund - Direct Plan,--,--,--,--,--,--,--,--,--,--
Navi ELSS Tax Saver Fund - Direct Plan,16.28,--,18.84,--,--,--,--,--,--,--
Navi ELSS Tax Saver Nifty 50 Index Fund - Direct Plan,--,--,--,--,--,--,--,--,--,--
Navi Flexi Cap Fund - Direct Plan,16.66,55/68,20.30,34/54,--,--,--,--,--,--
Navi Large & Midcap Fund - Direct Plan,16.90,30/32,22.97,21/25,--,--,--,--,--,--
Navi Nifty 500 Multicap 50:25:25 Index Fund - Direct Plan,--,--,--,--,--,--,--,--,--,--
Navi Nifty 50 Index Fund - Direct Plan,15.39,50/78,--,--,--,--,--,--,--,--
Navi Nifty Bank Index Fund - Direct Plan,16.03,16/17,--,--,--,--,--,--,--,--
Navi Nifty India Manufacturing Index Fund - Direct Plan,--,--,--,--,--,--,--,--,--,--
Navi Nifty IT Index Fund - Direct Plan,--,--,--,--,--,--,--,--,--,--
Navi Nifty Midcap 150 Index Fund - Direct Plan,25.23,15/32,--,--,--,--,--,--,--,--
Navi Nifty Next 50 Index Fund - Direct Plan,19.11,12/78,--,--,--,--,--,--,--,--
Navi Nifty Smallcap250 Momentum Quality 100 Index Fund - Direct Plan,--,--,--,--,--,--,--,--,--,--
Navi US NASDAQ 100 FoF - Direct Plan,26.70,--,--,--,--,--,--,--,--,--
Navi US Total Stock Market FoF - Direct Plan,20.56,--,--,--,--,--,--,--,--,--
Nippon India Active Momentum Fund - Direct Plan,--,--,--,--,--,--,--,--,--,--
Nippon India Banking & Financial Services Fund - Direct Plan,21.97,5/17,26.82,1/12,14.08,6/10,--,--,--,--
Nippon India BSE Sensex Next 30 ETF,--,--,--,--,--,--,--,--,--,--
Nippon India BSE Sensex Next 30 Index Fund - Direct Plan,--,--,--,--,--,--,--,--,--,--
Nippon India Consumption Fund - Direct Plan,20.21,3/11,25.09,2/11,15.16,5/7,--,--,--,--
Nippon India Diversified Equity Flexicap Passive FoF - Direct Plan,17.69,47/68,--,--,--,--,--,--,--,--
Nippon India ELSS Tax Saver Fund - Direct Plan,20.46,14/33,24.47,11/33,11.40,26/26,--,--,--,--
Nippon India ETF BSE Sensex,14.84,92/121,17.70,71/97,12.51,13/60,--,--,--,--
Nippon India ETF BSE Sensex Next 50,21.73,5/121,25.13,5/97,--,--,--,--,--,--
Nippon India ETF Hang Seng BeES,13.40,35/53,5.84,25/30,5.57,22/25,8.01,4/11,--,--
Nippon India ETF Nifty 100,15.23,76/121,18.24,57/97,11.85,35/60,--,--,--,--
Nippon India ETF Nifty 50 BeES,15.56,57/121,18.61,38/97,12.49,17/60,11.87,15/44,13.87,9/29
Nippon India ETF Nifty 50 Shariah BeES,6.87,121/121,12.36,97/97,9.72,59/60,9.58,43/44,--,--
Nippon India ETF Nifty 50 Value 20,15.56,24/25,20.27,19/20,14.32,9/14,--,--,--,--
Nippon India ETF Nifty Bank BeES,16.18,21/31,20.62,13/21,11.95,10/15,12.56,4/8,14.59,2/3
Nippon India ETF Nifty Dividend Opportunities 50,20.26,22/38,21.96,14/20,13.79,3/11,--,--,--,--
Nippon India ETF Nifty India Consumption,17.13,9/15,19.60,10/12,13.35,7/8,--,--,--,--
Nippon India ETF Nifty Infrastructure BeES,23.31,16/20,23.26,20/20,10.76,20/20,--,--,--,--
Nippon India ETF Nifty IT,9.88,12/13,17.49,6/6,--,--,--,--,--,--
Nippon India ETF Nifty Midcap 150,25.54,12/39,30.16,7/29,--,--,--,--,--,--
Nippon India ETF Nifty Next 50 Junior BeES,19.27,13/121,21.16,16/97,13.24,4/60,13.00,6/44,14.45,5/29
Nippon India ETF Nifty PSU Bank BeES,36.39,2/31,37.64,1/21,7.95,13/15,4.69,7/8,--,--
Nippon India Flexi Cap Fund - Direct Plan,18.69,35/68,--,--,--,--,--,--,--,--
Nippon India Focused Fund - Direct Plan,17.21,51/68,23.90,13/54,14.26,16/35,--,--,--,--
Nippon India Growth Mid Cap Fund - Direct Plan,28.33,4/32,32.29,5/25,18.12,6/19,--,--,--,--
Nippon India Index Fund - BSE Sensex Plan - Direct Plan,14.61,71/78,17.49,52/57,12.15,29/42,--,--,--,--
Nippon India Index Fund - Nifty 50 Plan - Direct Plan,15.34,54/78,18.36,35/57,12.16,28/42,--,--,--,--
Nippon India Innovation Fund - Direct Plan,--,--,--,--,--,--,--,--,--,--
Nippon India Japan Equity Fund - Direct Plan,15.38,26/47,10.03,19/28,7.62,17/23,--,--,--,--
Nippon India Large Cap Fund - Direct Plan,22.39,2/78,25.65,2/57,14.73,1/42,--,--,--,--
Nippon India MNC Fund - Direct Plan,--,--,--,--,--,--,--,--,--,--
Nippon India Multi Cap Fund - Direct Plan,26.65,1/14,32.23,--,15.51,--,--,--,--,--
Nippon India Nifty 500 Equal Weight Index Fund - Direct Plan,--,--,--,--,--,--,--,--,--,--
Nippon India Nifty 500 Low Volatility 50 Index Fund - Direct Plan,--,--,--,--,--,--,--,--,--,--
Nippon India Nifty 500 Momentum 50 Index Fund - Direct Plan,--,--,--,--,--,--,--,--,--,--
Nippon India Nifty 500 Quality 50 Index Fund - Direct Plan,--,--,--,--,--,--,--,--,--,--
Nippon India Nifty 50 Value 20 Index Fund - Direct Plan,15.55,21/21,--,--,--,--,--,--,--,--
Nippon India Nifty Alpha Low Volatility 30 Index Fund - Direct Plan,--,--,--,--,--,--,--,--,--,--
Nippon India Nifty Auto ETF,24.79,6/38,--,--,--,--,--,--,--,--
Nippon India Nifty Auto Index Fund - Direct Plan,--,--,--,--,--,--,--,--,--,--
Nippon India Nifty Bank Index Fund - Direct Plan,--,--,--,--,--,--,--,--,--,--
Nippon India Nifty IT Index Fund - Direct Plan,--,--,--,--,--,--,--,--,--,--
Nippon India Nifty Midcap 150 Index Fund - Direct Plan,25.30,14/32,--,--,--,--,--,--,--,--
Nippon India Nifty Next 50 Junior BeES FoF - Direct Plan,19.19,7/78,21.02,8/57,--,--,--,--,--,--
Nippon India Nifty Pharma ETF,22.67,13/15,--,--,--,--,--,--,--,--
Nippon India Nifty Realty Index Fund - Direct Plan,--,--,--,--,--,--,--,--,--,--
Nippon India Nifty Smallcap 250 Index Fund - Direct Plan,25.70,14/28,--,--,--,--,--,--,--,--
Nippon India Pharma Fund - Direct Plan,26.26,6/11,22.98,7/9,15.42,1/3,--,--,--,--
Nippon India Power & Infra Fund - Direct Plan,33.03,2/19,32.32,11/19,16.58,7/19,--,--,--,--
Nippon India Quant Fund - Direct Plan,23.24,12/33,23.54,12/19,14.05,4/10,--,--,--,--
Nippon India Retirement Fund - Wealth Creation Scheme - Direct Plan,21.03,22/68,22.36,17/54,11.97,31/35,--,--,--,--
Nippon India Small Cap Fund - Direct Plan,27.46,7/28,37.40,2/22,22.04,1/12,--,--,--,--
Nippon India Taiwan Equity Fund - Direct Plan,24.54,11/47,--,--,--,--,--,--,--,--
Nippon India US Equity Opportunities Fund - Direct Plan,18.70,21/47,14.89,10/28,--,--,--,--,--,--
Nippon India Value Fund - Direct Plan,24.76,5/21,27.55,6/16,15.76,6/13,--,--,--,--
Nippon India Vision Large & Mid Cap Fund - Direct Plan,23.36,6/32,25.30,10/25,12.98,16/18,--,--,--,--
NJ ELSS Tax Saver Scheme - Direct Plan,--,--,--,--,--,--,--,--,--,--
NJ Flexi Cap Fund - Direct Plan,--,--,--,--,--,--,--,--,--,--
Old Bridge Focused Fund - Direct Plan,--,--,--,--,--,--,--,--,--,--
Parag Parikh ELSS Tax Saver Fund - Direct Plan,21.81,9/33,24.74,9/33,--,--,--,--,--,--
Parag Parikh Flexi Cap Fund - Direct Plan,23.32,11/68,25.01,11/54,18.23,1/35,--,--,--,--
PGIM India ELSS Tax Saver Fund - Direct Plan,17.00,29/33,22.13,18/33,--,--,--,--,--,--
PGIM India Emerging Markets Equity FoF - Direct Plan,12.32,33/47,2.91,27/28,3.71,22/23,--,--,--,--
PGIM India Flexi Cap Fund - Direct Plan,16.07,56/68,21.74,22/54,14.85,9/35,--,--,--,--
PGIM India Global Equity Opportunities FoF - Direct Plan,20.27,19/47,10.96,16/28,12.11,6/23,--,--,--,--
PGIM India Global Select Real Estate Securities FoF - Direct Plan,6.73,43/47,--,--,--,--,--,--,--,--
PGIM India Healthcare Fund - Direct Plan,--,--,--,--,--,--,--,--,--,--
PGIM India Large and Mid Cap Fund - Direct Plan,--,--,--,--,--,--,--,--,--,--
PGIM India Large Cap Fund - Direct Plan,15.59,46/78,17.58,51/57,11.70,38/42,--,--,--,--
PGIM India Midcap Fund - Direct Plan,16.92,31/32,28.58,14/25,16.40,9/19,--,--,--,--
PGIM India Multi Cap Fund - Direct Plan,--,--,--,--,--,--,--,--,--,--
PGIM India Retirement Fund - Direct Plan,--,--,--,--,--,--,--,--,--,--
PGIM India Small Cap Fund - Direct Plan,18.12,28/28,--,--,--,--,--,--,--,--
Quant BFSI Fund - Direct Plan,--,--,--,--,--,--,--,--,--,--
Quant Business Cycle Fund - Direct Plan,--,--,--,--,--,--,--,--,--,--
Quant Commodities Fund - Direct Plan,--,--,--,--,--,--,--,--,--,--
Quant Consumption Fund - Direct Plan,--,--,--,--,--,--,--,--,--,--
Quant ELSS Tax Saver Fund - Direct Plan,19.00,19/33,31.49,1/33,21.13,1/26,--,--,--,--
Quant ESG Integration Strategy Fund - Direct Plan,19.99,2/9,--,--,--,--,--,--,--,--
Quant Flexi Cap Fund - Direct Plan,21.68,16/68,31.05,--,19.05,--,--,--,--,--
Quant Focused Fund - Direct Plan,19.12,10/78,24.76,3/57,15.29,--,--,--,--,--
Quant Healthcare Fund - Direct Plan,--,--,--,--,--,--,--,--,--,--
Quant Infrastructure Fund - Direct Plan,22.47,18/19,38.95,1/19,18.85,1/19,--,--,--,--
Quant Large and Mid Cap Fund - Direct Plan,21.44,12/32,25.47,9/25,16.80,--,--,--,--,--
Quant Large Cap Fund - Direct Plan,--,--,--,--,--,--,--,--,--,--
Quant Manufacturing Fund - Direct Plan,--,--,--,--,--,--,--,--,--,--
Quant Mid Cap Fund - Direct Plan,22.87,21/32,32.45,4/25,17.83,--,--,--,--,--
Quant Momentum Fund - Direct Plan,--,--,--,--,--,--,--,--,--,--
Quant Multi Cap Fund - Direct Plan,16.69,14/14,27.72,--,18.02,--,--,--,--,--
Quant PSU Fund - Direct Plan,--,--,--,--,--,--,--,--,--,--
Quant Quantamental Fund - Direct Plan,25.76,5/33,--,--,--,--,--,--,--,--
Quant Small Cap Fund - Direct Plan,29.36,4/28,42.44,1/22,20.54,--,--,--,--,--
Quant Teck Fund - Direct Plan,--,--,--,--,--,--,--,--,--,--
Quantum ELSS Tax Saver Fund - Direct Plan,19.89,15/33,22.47,17/33,12.76,22/26,12.95,1/1,--,--
Quantum Equity FoF - Direct Plan,18.46,37/68,20.19,36/54,12.71,28/35,12.94,1/1,--,--
Quantum ESG Best In Class Strategy Fund - Direct Plan,16.01,6/9,19.78,1/3,--,--,--,--,--,--
Quantum Ethical Fund - Direct Plan,--,--,--,--,--,--,--,--,--,--
Quantum Nifty 50 ETF,15.51,68/121,18.55,48/97,12.44,18/60,11.76,16/44,--,--
Quantum Nifty 50 ETF FoF - Direct Plan,--,--,--,--,--,--,--,--,--,--
Quantum Small Cap Fund - Direct Plan,--,--,--,--,--,--,--,--,--,--
Quantum Value Fund - Direct Plan,19.88,20/21,22.50,15/16,12.65,13/13,12.96,1/1,--,--
Quant Value Fund - Direct Plan,28.25,1/21,--,--,--,--,--,--,--,--
Samco Active Momentum Fund - Direct Plan,--,--,--,--,--,--,--,--,--,--
Samco ELSS Tax Saver Fund - Direct Plan,--,--,--,--,--,--,--,--,--,--
Samco Flexi Cap Fund - Direct Plan,6.55,68/68,--,--,--,--,--,--,--,--
Samco Large Cap Fund - Direct Plan,--,--,--,--,--,--,--,--,--,--
Samco Large & Mid Cap Fund - Direct Plan,--,--,--,--,--,--,--,--,--,--
Samco Multi Cap Fund - Direct Plan,--,--,--,--,--,--,--,--,--,--
Samco Special Opportunities Fund - Direct Plan,--,--,--,--,--,--,--,--,--,--
SBI Automotive Opportunities Fund - Direct Plan,--,--,--,--,--,--,--,--,--,--
SBI Banking & Financial Services Fund - Direct Plan,22.48,4/17,23.12,4/12,17.09,1/10,--,--,--,--
SBI BSE 100 ETF,16.55,47/121,19.63,26/97,12.90,6/60,--,--,--,--
SBI BSE PSU Bank ETF,--,--,--,--,--,--,--,--,--,--
SBI BSE PSU Bank Index Fund - Direct Plan,--,--,--,--,--,--,--,--,--,--
SBI BSE Sensex ETF,14.80,97/121,17.70,73/97,12.50,14/60,--,--,--,--
SBI BSE Sensex Index Fund - Direct Plan,--,--,--,--,--,--,--,--,--,--
SBI BSE Sensex Next 50 ETF,21.96,4/121,25.41,3/97,--,--,--,--,--,--
SBI Comma Fund - Direct Plan,19.20,23/33,22.72,13/19,15.71,2/10,--,--,--,--
SBI Consumption Opportunities Fund - Direct Plan,18.33,9/11,27.55,1/11,16.48,3/7,--,--,--,--
SBI Contra Fund - Direct Plan,23.73,8/21,32.37,1/16,16.50,4/13,--,--,--,--
SBI Dividend Yield Fund - Direct Plan,--,--,--,--,--,--,--,--,--,--
SBI ELSS Tax Saver Fund - Direct Plan,27.12,2/33,26.95,3/33,14.86,10/26,--,--,--,--
SBI Energy Opportunities Fund - Direct Plan,--,--,--,--,--,--,--,--,--,--
SBI Equity Minimum Variance Fund - Direct Plan,15.26,30/33,18.43,17/19,--,--,--,--,--,--
SBI ESG Exclusionary Strategy Fund - Direct Plan,15.47,7/9,18.83,2/3,12.82,1/1,--,--,--,--
SBI Flexicap Fund - Direct Plan,15.31,60/68,19.84,38/54,13.43,22/35,--,--,--,--
SBI Focused Fund - Direct Plan,17.96,42/68,21.02,27/54,15.54,6/35,--,--,--,--
SBI Healthcare Opportunities Fund - Direct Plan,29.96,2/11,25.15,2/9,13.23,2/3,--,--,--,--
SBI Infrastructure Fund - Direct Plan,26.23,14/19,28.38,17/19,15.89,13/19,--,--,--,--
SBI Innovative Opportunities Fund - Direct Plan,--,--,--,--,--,--,--,--,--,--
SBI Large Cap Fund - Direct Plan,16.72,41/78,20.15,24/57,13.12,11/42,--,--,--,--
SBI Large & Midcap Fund - Direct Plan,21.18,14/32,25.69,7/25,15.24,11/18,--,--,--,--
SBI Midcap Fund - Direct Plan,19.62,29/32,28.41,15/25,15.39,15/19,--,--,--,--
SBI MNC Fund - Direct Plan,10.95,4/4,16.43,2/4,11.19,1/3,--,--,--,--
SBI Multicap Fund - Direct Plan,20.55,11/14,--,--,--,--,--,--,--,--
SBI Nifty100 Low Volatility 30 Index Fund - Direct Plan,--,--,--,--,--,--,--,--,--,--
SBI Nifty200 Momentum 30 Index Fund - Direct Plan,--,--,--,--,--,--,--,--,--,--
SBI Nifty 200 Quality 30 ETF,13.88,36/36,16.86,26/26,--,--,--,--,--,--
SBI Nifty200 Quality 30 Index Fund - Direct Plan,--,--,--,--,--,--,--,--,--,--
SBI Nifty 500 Index Fund - Direct Plan,--,--,--,--,--,--,--,--,--,--
SBI Nifty 50 Equal Weight ETF,--,--,--,--,--,--,--,--,--,--
SBI Nifty50 Equal Weight Index Fund - Direct Plan,--,--,--,--,--,--,--,--,--,--
SBI Nifty 50 ETF,15.54,63/121,18.59,41/97,12.57,10/60,--,--,--,--
SBI Nifty Bank ETF,16.19,19/31,20.64,12/21,12.03,7/15,--,--,--,--
SBI Nifty Bank Index Fund - Direct Plan,--,--,--,--,--,--,--,--,--,--
SBI Nifty Consumption ETF,17.18,8/15,--,--,--,--,--,--,--,--
SBI Nifty Index Fund - Direct Plan,15.33,55/78,18.35,36/57,12.19,26/42,--,--,--,--
SBI Nifty India Consumption Index Fund - Direct Plan,--,--,--,--,--,--,--,--,--,--
SBI Nifty IT ETF,9.89,11/13,--,--,--,--,--,--,--,--
SBI Nifty IT Index Fund - Direct Plan,--,--,--,--,--,--,--,--,--,--
SBI Nifty Midcap 150 Index Fund - Direct Plan,--,--,--,--,--,--,--,--,--,--
SBI Nifty Next 50 ETF,19.34,12/121,21.21,15/97,13.46,3/60,--,--,--,--
SBI Nifty Next 50 Index Fund - Direct Plan,19.07,15/78,--,--,--,--,--,--,--,--
SBI Nifty Private Bank ETF,14.66,29/31,--,--,--,--,--,--,--,--
SBI Nifty Smallcap 250 Index Fund - Direct Plan,--,--,--,--,--,--,--,--,--,--
SBI PSU Fund - Direct Plan,36.36,2/3,31.11,2/3,13.45,2/2,--,--,--,--
SBI Quant Fund - Direct Plan,--,--,--,--,--,--,--,--,--,--
SBI Retirement Benefit Fund - Aggressive Plan - Direct Plan,16.92,53/68,--,--,--,--,--,--,--,--
SBI Small Cap Fund - Direct Plan,20.36,25/28,28.83,21/22,19.61,3/12,--,--,--,--
SBI Technology Opportunities Fund - Direct Plan,18.91,3/6,25.46,2/5,17.72,3/4,--,--,--,--
SBI US Specific Equity Active FoF - Direct Plan,21.70,14/47,--,--,--,--,--,--,--,--
Shriram ELSS Tax Saver Fund - Direct Plan,14.33,33/33,16.04,32/33,--,--,--,--,--,--
Shriram Flexi Cap Fund - Direct Plan,14.45,62/68,16.71,50/54,--,--,--,--,--,--
Shriram Multi Sector Rotation Fund - Direct Plan,--,--,--,--,--,--,--,--,--,--
Sundaram Business Cycle Fund - Direct Plan,--,--,--,--,--,--,--,--,--,--
Sundaram Consumption Fund - Direct Plan,18.95,5/11,20.95,10/11,14.63,6/7,--,--,--,--
Sundaram Diversified Equity Fund - Direct Plan,16.07,--,20.39,--,11.73,--,--,--,--,--
Sundaram Dividend Yield Fund - Direct Plan,18.82,8/8,21.33,6/6,14.66,3/5,--,--,--,--
Sundaram ELSS Tax Saver Fund - Direct Plan,17.67,28/33,21.70,24/33,13.11,17/26,--,--,--,--
Sundaram Financial Services Opportunities Fund - Direct Plan,23.17,2/17,24.26,2/12,14.71,3/10,--,--,--,--
Sundaram Flexi Cap Fund - Direct Plan,--,--,--,--,--,--,--,--,--,--
Sundaram Focused Fund - Direct Plan,17.47,50/68,20.37,32/54,13.83,19/35,--,--,--,--
Sundaram Global Brand Theme - Equity Active FoF - Direct Plan,18.63,--,14.93,--,11.42,--,--,--,--,--
Sundaram Infrastructure Advantage Fund - Direct Plan,25.60,15/19,28.83,16/19,14.07,17/19,--,--,--,--
Sundaram Large and Mid Cap Fund - Direct Plan,18.98,24/32,23.05,20/25,15.27,10/18,--,--,--,--
Sundaram Large Cap Fund - Direct Plan,15.79,44/78,18.33,40/57,12.66,16/42,--,--,--,--
Sundaram Mid Cap Fund - Direct Plan,26.72,8/32,29.23,13/25,15.42,14/19,--,--,--,--
Sundaram Multi Cap Fund - Direct Plan,20.10,12/14,23.79,--,14.99,--,--,--,--,--
Sundaram Multi-Factor Fund - Direct Plan,--,--,--,--,--,--,--,--,--,--
Sundaram Nifty 100 Equal Weight Fund - Direct Plan,18.41,30/78,21.84,7/57,11.59,40/42,--,--,--,--
Sundaram Services Fund - Direct Plan,22.31,18/33,27.09,8/19,--,--,--,--,--,--
Sundaram Small Cap Fund - Direct Plan,24.63,16/28,32.80,13/22,15.07,11/12,--,--,--,--
Tata Banking and Financial Services Fund - Direct Plan,23.13,3/17,22.29,7/12,--,--,--,--,--,--
Tata BSE Quality Index Fund - Direct Plan,--,--,--,--,--,--,--,--,--,--
Tata BSE Select Business Groups Index Fund - Direct Plan,--,--,--,--,--,--,--,--,--,--
Tata BSE Sensex Index Fund - Direct Plan,14.44,76/78,17.18,56/57,12.12,30/42,--,--,--,--
Tata Business Cycle Fund - Direct Plan,23.88,9/33,--,--,--,--,--,--,--,--
Tata Children's Fund - Direct Plan,17.13,52/68,20.10,--,12.25,--,--,--,--,--
Tata Digital India Fund - Direct Plan,15.95,4/6,24.98,3/5,--,--,--,--,--,--
Tata Dividend Yield Fund - Direct Plan,20.66,6/8,--,--,--,--,--,--,--,--
Tata ELSS Fund - Direct Plan,18.85,20/33,21.89,23/33,15.19,7/26,--,--,--,--
Tata Ethical Fund - Direct Plan,13.55,31/33,20.05,15/19,12.35,9/10,--,--,--,--
Tata Flexi Cap Fund - Direct Plan,19.08,32/68,19.79,40/54,--,--,--,--,--,--
Tata Focused Fund - Direct Plan,18.80,33/68,22.22,18/54,--,--,--,--,--,--
Tata Housing Opportunities Fund - Direct Plan,--,--,--,--,--,--,--,--,--,--
Tata India Consumer Fund - Direct Plan,20.91,1/11,22.98,5/11,--,--,--,--,--,--
Tata India Innovation Fund - Direct Plan,--,--,--,--,--,--,--,--,--,--
Tata India Pharma & Healthcare Fund - Direct Plan,26.35,5/11,23.61,4/9,--,--,--,--,--,--
Tata Infrastructure Fund - Direct Plan,24.23,16/19,31.39,13/19,15.33,14/19,--,--,--,--
Tata Large Cap Fund - Direct Plan,17.32,37/78,20.31,20/57,12.59,18/42,--,--,--,--
Tata Large & Mid Cap Fund - Direct Plan,19.41,23/32,21.82,24/25,14.44,12/18,--,--,--,--
Tata Mid Cap Fund - Direct Plan,23.69,19/32,27.98,17/25,16.36,10/19,--,--,--,--
Tata Multicap Fund - Direct Plan,--,--,--,--,--,--,--,--,--,--
Tata Nifty200 Alpha 30 Index Fund - Direct Plan,--,--,--,--,--,--,--,--,--,--
Tata Nifty500 Multicap India Manufacturing 50:30:20 Index Fund - Direct Plan,--,--,--,--,--,--,--,--,--,--
Tata Nifty500 Multicap Infrastructure 50:30:20 Index Fund - Direct Plan,--,--,--,--,--,--,--,--,--,--
Tata Nifty 50 Exchange Traded Fund,15.50,69/121,18.57,44/97,--,--,--,--,--,--
Tata Nifty 50 Index Fund - Direct Plan,15.26,63/78,18.29,41/57,12.23,24/42,--,--,--,--
Tata Nifty Auto Index Fund - Direct Plan,--,--,--,--,--,--,--,--,--,--
Tata Nifty Capital Markets Index Fund - Direct Plan,--,--,--,--,--,--,--,--,--,--
Tata Nifty Financial Services Index Fund - Direct Plan,--,--,--,--,--,--,--,--,--,--
Tata Nifty India Digital ETF,20.18,2/13,--,--,--,--,--,--,--,--
Tata Nifty India Digital ETF FoF - Direct Plan,18.96,2/6,--,--,--,--,--,--,--,--
Tata Nifty India Tourism Index Fund - Direct Plan,--,--,--,--,--,--,--,--,--,--
Tata Nifty Midcap 150 Index Fund - Direct Plan,--,--,--,--,--,--,--,--,--,--
Tata Nifty Midcap 150 Momentum 50 Index Fund - Direct Plan,--,--,--,--,--,--,--,--,--,--
Tata Nifty MidSmall Healthcare Index Fund - Direct Plan,--,--,--,--,--,--,--,--,--,--
Tata Nifty Private Bank ETF,14.57,31/31,17.78,19/21,--,--,--,--,--,--
Tata Nifty Realty Index Fund - Direct Plan,--,--,--,--,--,--,--,--,--,--
Tata Resources & Energy Fund - Direct Plan,22.43,2/2,25.64,2/2,--,--,--,--,--,--
Tata Retirement Savings Fund - Progressive Plan - Direct Plan,19.43,31/68,18.72,45/54,14.73,11/35,--,--,--,--
Tata Small Cap Fund - Direct Plan,27.28,9/28,34.86,6/22,--,--,--,--,--,--
Tata Value Fund - Direct Plan,23.11,11/21,22.91,14/16,15.62,8/13,--,--,--,--
Taurus Banking & Financial Services Fund - Direct Plan,18.80,12/17,20.12,11/12,12.98,7/10,--,--,--,--
Taurus ELSS Tax Saver Fund - Direct Plan,20.55,13/33,20.35,28/33,13.53,16/26,--,--,--,--
Taurus Ethical Fund - Direct Plan,17.14,28/33,19.93,16/19,12.86,8/10,--,--,--,--
Taurus Flexi Cap Fund - Direct Plan,15.80,58/68,17.70,48/54,9.06,35/35,--,--,--,--
Taurus Infrastructure Fund - Direct Plan,21.73,19/19,24.42,19/19,14.18,16/19,--,--,--,--
Taurus Large Cap Fund - Direct Plan,16.29,43/78,17.66,50/57,9.61,42/42,--,--,--,--
Taurus Mid Cap Fund - Direct Plan,20.53,28/32,23.42,24/25,14.83,18/19,--,--,--,--
Taurus Nifty 50 Index Fund - Direct Plan,14.39,77/78,17.89,49/57,12.01,33/42,--,--,--,--
Templeton India Value Fund - Direct Plan,22.29,15/21,29.24,3/16,14.92,9/13,--,--,--,--
TRUSTMF Flexi Cap Fund - Direct Plan,--,--,--,--,--,--,--,--,--,--
TRUSTMF Multi Cap Fund - Direct Plan,--,--,--,--,--,--,--,--,--,--
TRUSTMF Small Cap Fund - Direct Plan,--,--,--,--,--,--,--,--,--,--
Unifi Flexi Cap Fund - Direct Plan,--,--,--,--,--,--,--,--,--,--
Union Active Momentum Fund - Direct Plan,--,--,--,--,--,--,--,--,--,--
Union Business Cycle Fund - Direct Plan,--,--,--,--,--,--,--,--,--,--
Union Children's Fund - Direct Plan,--,--,--,--,--,--,--,--,--,--
Union ELSS Tax Saver Fund - Direct Plan,18.46,22/33,22.05,20/33,12.70,23/26,--,--,--,--
Union Flexi Cap Fund - Direct Plan,18.62,36/68,21.84,21/54,13.14,25/35,--,--,--,--
Union Focused Fund - Direct Plan,15.05,61/68,19.40,42/54,--,--,--,--,--,--
Union Innovation & Opportunities Fund - Direct Plan,--,--,--,--,--,--,--,--,--,--
Union Largecap Fund - Direct Plan,15.27,62/78,17.93,48/57,--,--,--,--,--,--
Union Large & Midcap Fund - Direct Plan,18.71,25/32,22.18,23/25,--,--,--,--,--,--
Union Midcap Fund - Direct Plan,22.44,23/32,29.46,12/25,--,--,--,--,--,--
Union Multicap Fund - Direct Plan,--,--,--,--,--,--,--,--,--,--
Union Retirement Fund - Direct Plan,--,--,--,--,--,--,--,--,--,--
Union Small Cap Fund - Direct Plan,20.95,23/28,30.71,19/22,15.41,10/12,--,--,--,--
Union Value Fund - Direct Plan,21.34,16/21,23.16,13/16,--,--,--,--,--,--
UTI Banking and Financial Services Fund - Direct Plan,20.48,9/17,22.57,6/12,12.05,9/10,--,--,--,--
UTI BSE Housing Index Fund - Direct Plan,--,--,--,--,--,--,--,--,--,--
UTI BSE Low Volatility Index Fund - Direct Plan,16.97,29/32,--,--,--,--,--,--,--,--
UTI BSE Sensex ETF,14.80,96/121,17.70,72/97,--,--,--,--,--,--
UTI BSE Sensex Index Fund - Direct Plan,14.56,74/78,--,--,--,--,--,--,--,--
UTI BSE Sensex Next 50 ETF,22.02,3/121,25.39,4/97,--,--,--,--,--,--
UTI Children's Equity Fund - Direct Plan,15.45,59/68,19.80,39/54,12.87,26/35,--,--,--,--
UTI Dividend Yield Fund - Direct Plan,21.62,5/8,22.68,5/6,14.32,4/5,--,--,--,--
UTI ELSS Tax Saver Fund - Direct Plan,15.78,32/33,20.14,29/33,12.84,21/26,--,--,--,--
UTI Flexi Cap Fund - Direct Plan,13.19,66/68,18.29,47/54,12.70,29/35,--,--,--,--
UTI Focused Fund - Direct Plan,17.64,49/68,--,--,--,--,--,--,--,--
UTI Healthcare Fund - Direct Plan,28.07,3/11,23.25,6/9,13.11,3/3,--,--,--,--
UTI India Consumer Fund - Direct Plan,15.21,11/11,17.91,11/11,11.34,7/7,--,--,--,--
UTI Infrastructure Fund - Direct Plan,23.29,17/19,26.68,18/19,12.52,18/19,--,--,--,--
UTI Innovation Fund - Direct Plan,--,--,--,--,--,--,--,--,--,--
UTI Large Cap Fund - Direct Plan,14.84,69/78,18.82,27/57,12.22,25/42,--,--,--,--
UTI Large & Mid Cap Fund - Direct Plan,23.88,4/32,27.08,5/25,14.12,14/18,--,--,--,--
UTI Mid Cap Fund - Direct Plan,19.51,30/32,26.10,21/25,14.87,17/19,--,--,--,--
UTI MNC Fund - Direct Plan,13.35,3/4,15.53,3/4,10.41,2/3,--,--,--,--
UTI Multi Cap Fund - Direct Plan,--,--,--,--,--,--,--,--,--,--
UTI Nifty200 Momentum 30 Index Fund - Direct Plan,21.27,13/32,--,--,--,--,--,--,--,--
UTI Nifty200 Quality 30 Index Fund - Direct Plan,--,--,--,--,--,--,--,--,--,--
UTI Nifty 500 Value 50 Index Fund - Direct Plan,--,--,--,--,--,--,--,--,--,--
UTI NIFTY50 Equal Weight Index Fund - Direct Plan,--,--,--,--,--,--,--,--,--,--
UTI Nifty 50 ETF,15.55,61/121,18.59,40/97,--,--,--,--,--,--
UTI Nifty 50 Index Fund - Direct Plan,15.35,53/78,18.40,32/57,12.35,21/42,--,--,--,--
UTI Nifty Alpha Low-Volatility 30 Index Fund - Direct Plan,--,--,--,--,--,--,--,--,--,--
UTI Nifty Bank ETF,16.30,16/31,--,--,--,--,--,--,--,--
UTI Nifty India Manufacturing Index Fund - Direct Plan,--,--,--,--,--,--,--,--,--,--
UTI Nifty IT ETF,--,--,--,--,--,--,--,--,--,--
UTI Nifty Midcap 150 ETF,--,--,--,--,--,--,--,--,--,--
UTI Nifty Midcap 150 Index Fund - Direct Plan,--,--,--,--,--,--,--,--,--,--
UTI Nifty Midcap 150 Quality 50 Index Fund - Direct Plan,15.56,32/32,--,--,--,--,--,--,--,--
UTI Nifty Midsmallcap 400 Momentum Quality 100 Index Fund - Direct Plan,--,--,--,--,--,--,--,--,--,--
UTI Nifty Next 50 Exchange Traded Fund,19.41,9/121,21.33,11/97,--,--,--,--,--,--
UTI Nifty Next 50 Index Fund - Direct Plan,19.10,14/78,20.98,10/57,--,--,--,--,--,--
UTI Nifty Private Bank Index Fund - Direct Plan,--,--,--,--,--,--,--,--,--,--
UTI Quant Fund - Direct Plan,--,--,--,--,--,--,--,--,--,--
UTI Small Cap Fund - Direct Plan,22.46,21/28,--,--,--,--,--,--,--,--
UTI Transportation and Logistics Fund - Direct Plan,23.14,13/33,28.20,5/19,12.88,7/10,--,--,--,--
UTI Value Fund - Direct Plan,21.03,17/21,23.57,12/16,14.01,11/13,--,--,--,--
WhiteOak Capital Banking & Financial Services Fund - Direct Plan,--,--,--,--,--,--,--,--,--,--
WhiteOak Capital Digital Bharat Fund - Direct Plan,--,--,--,--,--,--,--,--,--,--
WhiteOak Capital ELSS Tax Saver Fund - Direct Plan,--,--,--,--,--,--,--,--,--,--
WhiteOak Capital ESG Best-In-Class Strategy Fund - Direct Plan,--,--,--,--,--,--,--,--,--,--
WhiteOak Capital Flexi Cap Fund - Direct Plan,--,--,--,--,--,--,--,--,--,--
WhiteOak Capital Large Cap Fund - Direct Plan,--,--,--,--,--,--,--,--,--,--
WhiteOak Capital Large & Mid Cap Fund - Direct Plan,--,--,--,--,--,--,--,--,--,--
WhiteOak Capital Mid Cap Fund - Direct Plan,--,--,--,--,--,--,--,--,--,--
WhiteOak Capital Multi Cap Fund - Direct Plan,--,--,--,--,--,--,--,--,--,--
WhiteOak Capital Pharma and Healthcare Fund - Direct Plan,--,--,--,--,--,--,--,--,--,--
WhiteOak Capital Quality Equity Fund - Direct Plan,--,--,--,--,--,--,--,--,--,--
WhiteOak Capital Special Opportunities Fund - Direct Plan,--,--,--,--,--,--,--,--,--,--
Zerodha ELSS Tax Saver Nifty Large Midcap 250 Index Fund - Direct Plan,--,--,--,--,--,--,--,--,--,--
Zerodha Nifty 100 ETF,--,--,--,--,--,--,--,--,--,--
Zerodha Nifty Large Midcap 250 Index Fund - Direct Plan,--,--,--,--,--,--,--,--,--,--
Zerodha Nifty Midcap 150 ETF,--,--,--,--,--,--,--,--,--,--
