Funds,3 Yr Ret (%),3 Yr Rank,5 Yr Ret (%),5 Yr Rank,10 Yr Ret (%),10 Yr Rank,15 Yr Ret (%),15 Yr Rank,20 Yr Ret (%),20 Yr Rank
360 ONE ELSS Tax Saver Nifty 50 Index Fund - Direct Plan,--,--,--,--,--,--,--,--,--,--
360 ONE FlexiCap Fund - Direct Plan,--,--,--,--,--,--,--,--,--,--
360 ONE Focused Fund - Direct Plan,20.95,21/64,23.48,12/50,17.1,1/32,--,--,--,--
360 ONE Quant Fund - Direct Plan,29.25,2/25,--,--,--,--,--,--,--,--
Aditya Birla Sun Life Bal Bhavishya Yojna - Direct Plan,17.21,51/64,16.55,47/50,--,--,--,--,--,--
Aditya Birla Sun Life Banking & Financial Services Fund - Direct Plan,20.69,10/17,22.99,5/12,14.51,5/10,--,--,--,--
Aditya Birla Sun Life BSE 500 Momentum 50 Index Fund - Direct Plan,--,--,--,--,--,--,--,--,--,--
Aditya Birla Sun Life BSE 500 Quality 50 Index Fund - Direct Plan,--,--,--,--,--,--,--,--,--,--
Aditya Birla Sun Life BSE India Infrastructure Index Fund - Direct Plan,--,--,--,--,--,--,--,--,--,--
Aditya Birla Sun Life BSE Sensex ETF,15.15,99/121,18.04,73/97,--,--,--,--,--,--
Aditya Birla Sun Life Business Cycle Fund - Direct Plan,17.63,--,--,--,--,--,--,--,--,--
Aditya Birla Sun Life Conglomerate Fund - Direct Plan,--,--,--,--,--,--,--,--,--,--
Aditya Birla Sun Life Digital India Fund - Direct Plan,16.31,--,24.98,--,18.36,--,--,--,--,--
Aditya Birla Sun Life Dividend Yield Fund - Direct Plan,23.66,--,24.44,--,12.87,--,--,--,--,--
Aditya Birla Sun Life ELSS Tax Saver - Direct Plan,16.63,30/33,15.92,33/33,11.74,25/26,--,--,--,--
Aditya Birla Sun Life ESG Integration Strategy Fund - Direct Plan,16.89,5/9,--,--,--,--,--,--,--,--
Aditya Birla Sun Life Flexi Cap Fund - Direct Plan,20.34,27/64,22.33,17/50,14.71,11/32,--,--,--,--
Aditya Birla Sun Life Focused Fund - Direct Plan,18.8,38/64,20.48,31/50,13.37,21/32,--,--,--,--
Aditya Birla Sun Life Global Emerging Opportunities Fund - Direct Plan,12.95,40/56,11.82,16/31,9.86,12/26,--,--,--,--
Aditya Birla Sun Life Global Excellence Equity FoF - Direct Plan,18.85,25/56,15.12,8/31,7.8,17/26,--,--,--,--
Aditya Birla Sun Life India GenNext Fund - Direct Plan,18.43,10/11,22.47,6/11,15.89,4/7,--,--,--,--
Aditya Birla Sun Life Infrastructure Fund - Direct Plan,29.2,11/19,31.62,15/19,14.38,15/19,--,--,--,--
Aditya Birla Sun Life International Equity Fund - Direct Plan,13.49,38/56,12.08,15/31,10.03,10/26,--,--,--,--
Aditya Birla Sun Life Large Cap Fund - Direct Plan,18.44,32/78,21.04,12/57,13.08,14/42,--,--,--,--
Aditya Birla Sun Life Large & Mid Cap Fund - Direct Plan,17.35,28/30,19.86,23/23,12.68,16/17,--,--,--,--
Aditya Birla Sun Life Manufacturing Equity Fund - Direct Plan,20.83,16/25,20.9,10/14,12.96,7/9,--,--,--,--
Aditya Birla Sun Life Mid Cap Fund - Direct Plan,22.17,26/32,27.82,18/25,14.5,19/19,--,--,--,--
Aditya Birla Sun Life MNC Fund - Direct Plan,14.67,--,14.6,--,9.7,--,--,--,--,--
Aditya Birla Sun Life Multi-Cap Fund - Direct Plan,20.62,13/14,--,--,--,--,--,--,--,--
Aditya Birla Sun Life NASDAQ 100 FOF - Direct Plan,25.7,10/56,--,--,--,--,--,--,--,--
Aditya Birla Sun Life Nifty 200 Momentum 30 ETF,--,--,--,--,--,--,--,--,--,--
Aditya Birla Sun Life Nifty 200 Quality 30 ETF,--,--,--,--,--,--,--,--,--,--
Aditya Birla Sun Life Nifty 50 Equal Weight Index Fund - Direct Plan,18.96,28/78,--,--,--,--,--,--,--,--
Aditya Birla Sun Life Nifty 50 ETF,15.9,57/121,18.94,36/97,12.6,11/60,--,--,--,--
Aditya Birla Sun Life Nifty 50 Index Fund - Direct Plan,15.63,62/78,18.52,43/57,11.98,35/42,--,--,--,--
Aditya Birla Sun Life Nifty Bank ETF,16.62,18/31,20.49,12/21,--,--,--,--,--,--
Aditya Birla Sun Life Nifty Healthcare ETF,23.68,5/12,--,--,--,--,--,--,--,--
Aditya Birla Sun Life Nifty India Defence Index Fund - Direct Plan,--,--,--,--,--,--,--,--,--,--
Aditya Birla Sun Life Nifty IT ETF,11.23,9/9,--,--,--,--,--,--,--,--
Aditya Birla Sun Life Nifty Midcap 150 Index Fund - Direct Plan,26.25,13/32,--,--,--,--,--,--,--,--
Aditya Birla Sun Life Nifty Next 50 ETF,20.02,10/121,21.4,14/97,--,--,--,--,--,--
Aditya Birla Sun Life Nifty Next 50 Index Fund - Direct Plan,19.48,18/78,--,--,--,--,--,--,--,--
Aditya Birla Sun Life Nifty PSE ETF,--,--,--,--,--,--,--,--,--,--
Aditya Birla Sun Life Nifty Smallcap 50 Index Fund - Direct Plan,29.54,5/28,--,--,--,--,--,--,--,--
Aditya Birla Sun Life Pharma & Healthcare Fund - Direct Plan,24.32,7/8,20.81,6/7,--,--,--,--,--,--
Aditya Birla Sun Life PSU Equity Fund - Direct Plan,34.81,3/3,32.39,1/3,--,--,--,--,--,--
Aditya Birla Sun Life Quant Fund - Direct Plan,--,--,--,--,--,--,--,--,--,--
Aditya Birla Sun Life Retirement Fund - The 30s Plan - Direct Plan,18.36,41/64,17.26,45/50,--,--,--,--,--,--
Aditya Birla Sun Life Small Cap Fund - Direct Plan,22.6,22/28,29.01,22/22,14.54,12/12,--,--,--,--
Aditya Birla Sun Life Special Opportunities Fund - Direct Plan,20.98,15/25,--,--,--,--,--,--,--,--
Aditya Birla Sun Life Transportation and Logistics Fund - Direct Plan,--,--,--,--,--,--,--,--,--,--
Aditya Birla Sun Life Value Fund - Direct Plan,23.5,10/19,26.52,6/14,13.34,10/11,--,--,--,--
Angel One Nifty 50 ETF,--,--,--,--,--,--,--,--,--,--
Angel One Nifty 50 Index Fund - Direct Plan,--,--,--,--,--,--,--,--,--,--
Angel One Nifty Total Market ETF,--,--,--,--,--,--,--,--,--,--
Angel One Nifty Total Market Index Fund - Direct Plan,--,--,--,--,--,--,--,--,--,--
Axis BSE Sensex ETF,--,--,--,--,--,--,--,--,--,--
Axis BSE Sensex Index Fund - Direct Plan,--,--,--,--,--,--,--,--,--,--
Axis Business Cycles Fund - Direct Plan,--,--,--,--,--,--,--,--,--,--
Axis Consumption Fund - Direct Plan,--,--,--,--,--,--,--,--,--,--
Axis ELSS Tax Saver Fund - Direct Plan,16.34,31/33,17.67,31/33,13.04,20/26,--,--,--,--
Axis ESG Integration Strategy Fund - Direct Plan,15.84,8/9,16.61,3/3,--,--,--,--,--,--
Axis Flexi Cap Fund - Direct Plan,18.1,43/64,19.24,40/50,--,--,--,--,--,--
Axis Focused Fund - Direct Plan,13.72,63/64,15.77,48/50,12.98,24/32,--,--,--,--
Axis Global Equity Alpha FoF - Direct Plan,19.97,20/56,--,--,--,--,--,--,--,--
Axis Global Innovation FoF - Direct Plan,19.74,22/56,--,--,--,--,--,--,--,--
Axis Greater China Equity FoF - Direct Plan,5.24,54/56,--,--,--,--,--,--,--,--
Axis India Manufacturing Fund - Direct Plan,--,--,--,--,--,--,--,--,--,--
Axis Innovation Fund - Direct Plan,18.2,--,--,--,--,--,--,--,--,--
Axis Large Cap Fund - Direct Plan,14.63,78/78,16.16,57/57,13.05,15/42,--,--,--,--
Axis Large & Mid Cap Fund - Direct Plan,20.78,--,24.64,--,--,--,--,--,--,--
Axis Midcap Fund - Direct Plan,22.28,25/32,25.48,22/25,16.79,8/19,--,--,--,--
Axis Momentum Fund - Direct Plan,--,--,--,--,--,--,--,--,--,--
Axis Multicap Fund - Direct Plan,26.03,4/14,--,--,--,--,--,--,--,--
Axis Multi Factor Passive FoF - Direct Plan,15.11,--,--,--,--,--,--,--,--,--
Axis NASDAQ 100 FoF - Direct Plan,--,--,--,--,--,--,--,--,--,--
Axis Nifty 100 Index Fund - Direct Plan,15.96,48/78,18.89,30/57,--,--,--,--,--,--
Axis Nifty 500 Index Fund - Direct Plan,--,--,--,--,--,--,--,--,--,--
Axis Nifty500 Momentum 50 Index Fund - Direct Plan,--,--,--,--,--,--,--,--,--,--
Axis Nifty500 Value 50 ETF,--,--,--,--,--,--,--,--,--,--
Axis Nifty500 Value 50 Index Fund - Direct Plan,--,--,--,--,--,--,--,--,--,--
Axis Nifty 50 ETF,15.9,58/121,18.9,43/97,--,--,--,--,--,--
Axis Nifty 50 Index Fund - Direct Plan,15.73,52/78,--,--,--,--,--,--,--,--
Axis Nifty Bank ETF,16.59,20/31,--,--,--,--,--,--,--,--
Axis Nifty Bank Index Fund - Direct Plan,--,--,--,--,--,--,--,--,--,--
Axis NIFTY Healthcare ETF,23.26,7/12,--,--,--,--,--,--,--,--
Axis NIFTY India Consumption ETF,17.37,11/15,--,--,--,--,--,--,--,--
Axis NIFTY IT ETF,11.29,6/9,--,--,--,--,--,--,--,--
Axis Nifty IT Index Fund - Direct Plan,--,--,--,--,--,--,--,--,--,--
Axis Nifty Midcap 50 Index Fund - Direct Plan,27.47,8/32,--,--,--,--,--,--,--,--
Axis Nifty Next 50 Index Fund - Direct Plan,19.76,8/78,--,--,--,--,--,--,--,--
Axis Nifty Smallcap 50 Index Fund - Direct Plan,29.32,6/28,--,--,--,--,--,--,--,--
Axis Quant Fund - Direct Plan,17.51,22/25,--,--,--,--,--,--,--,--
Axis Services Opportunities Fund - Direct Plan,--,--,--,--,--,--,--,--,--,--
Axis Small Cap Fund - Direct Plan,24.15,19/28,31.77,18/22,19.99,2/12,--,--,--,--
Axis Value Fund - Direct Plan,25.92,4/19,--,--,--,--,--,--,--,--
Bajaj Finserv Consumption Fund - Direct Plan,--,--,--,--,--,--,--,--,--,--
Bajaj Finserv ELSS Tax Saver Fund - Direct Plan,--,--,--,--,--,--,--,--,--,--
Bajaj Finserv Flexi Cap Fund - Direct Plan,--,--,--,--,--,--,--,--,--,--
Bajaj Finserv Healthcare Fund - Direct Plan,--,--,--,--,--,--,--,--,--,--
Bajaj Finserv Large and Mid Cap Fund - Direct Plan,--,--,--,--,--,--,--,--,--,--
Bajaj Finserv Large Cap Fund - Direct Plan,--,--,--,--,--,--,--,--,--,--
Bajaj Finserv Multi Cap Fund - Direct Plan,--,--,--,--,--,--,--,--,--,--
Bajaj Finserv Nifty 50 ETF,--,--,--,--,--,--,--,--,--,--
Bajaj Finserv Nifty 50 Index Fund - Direct Plan,--,--,--,--,--,--,--,--,--,--
Bajaj Finserv Nifty Bank ETF,--,--,--,--,--,--,--,--,--,--
Bajaj Finserv Nifty Next 50 Index Fund - Direct Plan,--,--,--,--,--,--,--,--,--,--
Bajaj Finserv Small Cap Fund - Direct Plan,--,--,--,--,--,--,--,--,--,--
Bandhan BSE Healthcare Index Fund - Direct Plan,--,--,--,--,--,--,--,--,--,--
Bandhan BSE Sensex ETF,14.77,107/121,17.56,86/97,--,--,--,--,--,--
Bandhan Business Cycle Fund - Direct Plan,--,--,--,--,--,--,--,--,--,--
Bandhan ELSS Tax Saver Fund - Direct Plan,18.79,23/33,26.38,4/33,15.32,6/26,--,--,--,--
Bandhan Financial Services Fund - Direct Plan,--,--,--,--,--,--,--,--,--,--
Bandhan Flexi Cap Fund - Direct Plan,18.3,42/64,20.79,28/50,11.6,30/32,--,--,--,--
Bandhan Focused Fund - Direct Plan,21.84,17/64,21.06,27/50,13.92,18/32,--,--,--,--
Bandhan Infrastructure Fund - Direct Plan,33.06,4/19,36.1,3/19,16.59,8/19,--,--,--,--
Bandhan Innovation Fund - Direct Plan,--,--,--,--,--,--,--,--,--,--
Bandhan Large Cap Fund - Direct Plan,19.21,23/78,20.39,22/57,13.46,8/42,--,--,--,--
Bandhan Large & Mid Cap Fund - Direct Plan,27.81,3/30,28.69,3/23,16.75,3/17,--,--,--,--
Bandhan Midcap Fund - Direct Plan,--,--,--,--,--,--,--,--,--,--
Bandhan Multi Cap Fund - Direct Plan,22.42,10/14,--,--,--,--,--,--,--,--
Bandhan Multi-Factor Fund - Direct Plan,--,--,--,--,--,--,--,--,--,--
Bandhan Nifty 100 Index Fund - Direct Plan,16.01,45/78,--,--,--,--,--,--,--,--
Bandhan Nifty100 Low Volatility 30 Index Fund - Direct Plan,--,--,--,--,--,--,--,--,--,--
Bandhan Nifty200 Momentum 30 Index Fund - Direct Plan,--,--,--,--,--,--,--,--,--,--
Bandhan Nifty 200 Quality 30 Index Fund - Direct Plan,--,--,--,--,--,--,--,--,--,--
Bandhan Nifty 500 Momentum 50 Index Fund - Direct Plan,--,--,--,--,--,--,--,--,--,--
Bandhan Nifty 500 Value 50 Index Fund - Direct Plan,--,--,--,--,--,--,--,--,--,--
Bandhan Nifty 50 ETF,15.87,66/121,18.72,53/97,--,--,--,--,--,--
Bandhan Nifty 50 Index Fund - Direct Plan,15.73,51/78,18.75,31/57,12.48,20/42,--,--,--,--
Bandhan Nifty Alpha 50 Index Fund - Direct Plan,--,--,--,--,--,--,--,--,--,--
Bandhan Nifty Alpha Low Volatility 30 Index Fund - Direct Plan,--,--,--,--,--,--,--,--,--,--
Bandhan Nifty Bank Index Fund - Direct Plan,--,--,--,--,--,--,--,--,--,--
Bandhan Nifty IT Index Fund - Direct Plan,--,--,--,--,--,--,--,--,--,--
Bandhan Nifty Midcap 150 Index Fund - Direct Plan,--,--,--,--,--,--,--,--,--,--
Bandhan Nifty Next 50 Index Fund - Direct Plan,--,--,--,--,--,--,--,--,--,--
Bandhan Nifty Smallcap 250 Index Fund - Direct Plan,--,--,--,--,--,--,--,--,--,--
Bandhan Nifty Total Market Index Fund - Direct Plan,--,--,--,--,--,--,--,--,--,--
Bandhan Small Cap Fund - Direct Plan,34.81,1/28,37.42,3/22,--,--,--,--,--,--
Bandhan Transportation and Logistics Fund - Direct Plan,--,--,--,--,--,--,--,--,--,--
Bandhan US Equity FoF - Direct Plan,24.84,11/56,--,--,--,--,--,--,--,--
Bandhan Value Fund - Direct Plan,20.79,16/19,31.43,1/14,16.09,4/11,--,--,--,--
Bank of India Business Cycle Fund - Direct Plan,--,--,--,--,--,--,--,--,--,--
Bank of India Consumption Fund - Direct Plan,--,--,--,--,--,--,--,--,--,--
Bank of India ELSS Tax Saver Fund - Direct Plan,22.2,10/33,25.1,10/33,16.55,3/26,--,--,--,--
Bank of India Flexi Cap Fund - Direct Plan,26.04,7/64,28.83,4/50,--,--,--,--,--,--
Bank of India Large Cap Fund - Direct Plan,18.42,33/78,--,--,--,--,--,--,--,--
Bank of India Large & Mid Cap Fund - Direct Plan,20.03,20/30,22.51,21/23,13.3,14/17,--,--,--,--
Bank of India Manufacturing & Infrastructure Fund - Direct Plan,29.68,10/19,32.52,12/19,17.76,4/19,--,--,--,--
Bank of India Mid Cap Fund - Direct Plan,--,--,--,--,--,--,--,--,--,--
Bank of India Multi Cap Fund - Direct Plan,--,--,--,--,--,--,--,--,--,--
Bank of India Small Cap Fund - Direct Plan,26.93,12/28,35.83,5/22,--,--,--,--,--,--
Baroda BNP Paribas Aqua FoF - Direct Plan,13.85,36/56,--,--,--,--,--,--,--,--
Baroda BNP Paribas Banking and Financial Services Fund - Direct Plan,21.55,8/17,21.17,9/12,12.56,8/10,--,--,--,--
Baroda BNP Paribas Business Cycle Fund - Direct Plan,20.43,17/25,--,--,--,--,--,--,--,--
Baroda BNP Paribas Children's Fund - Direct Plan,--,--,--,--,--,--,--,--,--,--
Baroda BNP Paribas Dividend Yield Fund - Direct Plan,--,--,--,--,--,--,--,--,--,--
Baroda BNP Paribas ELSS Tax Saver Fund - Direct Plan,21.54,11/33,21.88,25/33,13.07,19/26,--,--,--,--
Baroda BNP Paribas Energy Opportunities Fund - Direct Plan,--,--,--,--,--,--,--,--,--,--
Baroda BNP Paribas Flexi Cap Fund - Direct Plan,--,--,--,--,--,--,--,--,--,--
Baroda BNP Paribas Focused Fund - Direct Plan,18.77,39/64,20.4,34/50,--,--,--,--,--,--
Baroda BNP Paribas Health and Wellness Fund - Direct Plan,--,--,--,--,--,--,--,--,--,--
Baroda BNP Paribas India Consumption Fund - Direct Plan,18.69,9/11,21.84,8/11,--,--,--,--,--,--
Baroda BNP Paribas Innovation Fund - Direct Plan,--,--,--,--,--,--,--,--,--,--
Baroda BNP Paribas Large Cap Fund - Direct Plan,19.53,16/78,20.38,23/57,13.38,9/42,--,--,--,--
Baroda BNP Paribas Large & Mid Cap Fund - Direct Plan,22.57,11/30,--,--,--,--,--,--,--,--
Baroda BNP Paribas Manufacturing Fund - Direct Plan,--,--,--,--,--,--,--,--,--,--
Baroda BNP Paribas Midcap Fund - Direct Plan,23.69,20/32,28.43,16/25,16.3,12/19,--,--,--,--
Baroda BNP Paribas Multi Cap Fund - Direct Plan,22.94,9/14,25.58,--,15.02,--,--,--,--,--
Baroda BNP Paribas Nifty200 Momentum 30 Index Fund - Direct Plan,--,--,--,--,--,--,--,--,--,--
Baroda BNP Paribas NIFTY 50 Index Fund - Direct Plan,--,--,--,--,--,--,--,--,--,--
Baroda BNP Paribas Nifty Bank ETF,--,--,--,--,--,--,--,--,--,--
Baroda BNP Paribas Nifty Midcap 150 Index Fund - Direct Plan,--,--,--,--,--,--,--,--,--,--
Baroda BNP Paribas Small Cap Fund - Direct Plan,--,--,--,--,--,--,--,--,--,--
Baroda BNP Paribas Value Fund - Direct Plan,--,--,--,--,--,--,--,--,--,--
BHARAT 22 ETF,30.38,1/121,32.58,1/97,--,--,--,--,--,--
Canara Robeco Consumer Trends Fund - Direct Plan,20.47,4/11,23.78,4/11,16.66,2/7,--,--,--,--
Canara Robeco ELSS Tax Saver Fund - Direct Plan,18.6,25/33,22.51,18/33,15.06,9/26,--,--,--,--
Canara Robeco Flexi Cap Fund - Direct Plan,18.91,37/64,21.31,24/50,14.34,15/32,--,--,--,--
Canara Robeco Focused Fund - Direct Plan,21.86,16/64,--,--,--,--,--,--,--,--
Canara Robeco Infrastructure Fund - Direct Plan,30.23,9/19,33.67,8/19,16.37,10/19,--,--,--,--
Canara Robeco Large and Mid Cap Fund - Direct Plan,20.36,18/30,23.89,14/23,16.69,4/17,--,--,--,--
Canara Robeco Large Cap Fund - Direct Plan,18.89,30/78,20.44,21/57,14.7,2/42,--,--,--,--
Canara Robeco Manufacturing Fund - Direct Plan,--,--,--,--,--,--,--,--,--,--
Canara Robeco Mid Cap Fund - Direct Plan,--,--,--,--,--,--,--,--,--,--
Canara Robeco Multi Cap Fund - Direct Plan,--,--,--,--,--,--,--,--,--,--
Canara Robeco Small Cap Fund - Direct Plan,21.08,26/28,34.6,11/22,--,--,--,--,--,--
Canara Robeco Value Fund - Direct Plan,23.08,12/19,--,--,--,--,--,--,--,--
Capitalmind Flexi Cap Fund - Direct Plan,--,--,--,--,--,--,--,--,--,--
CPSE ETF,41.45,1/4,39.05,1/4,14.07,2/3,--,--,--,--
DSP Banking & Financial Services Fund - Direct Plan,--,--,--,--,--,--,--,--,--,--
DSP BSE Sensex ETF,--,--,--,--,--,--,--,--,--,--
DSP BSE Sensex Next 30 ETF,--,--,--,--,--,--,--,--,--,--
DSP BSE Sensex Next 30 Index Fund - Direct Plan,--,--,--,--,--,--,--,--,--,--
DSP Business Cycle Fund - Direct Plan,--,--,--,--,--,--,--,--,--,--
DSP ELSS Tax Saver Fund - Direct Plan,22.79,7/33,25.24,9/33,16.52,4/26,--,--,--,--
DSP Flexi Cap Fund - Direct Plan,20.88,23/64,22.24,18/50,14.76,10/32,--,--,--,--
DSP Focused Fund - Direct Plan,21.56,18/64,20.51,30/50,12.78,27/32,--,--,--,--
DSP Global Clean Energy Fund of Fund - Direct Plan,11.19,44/56,11.19,18/31,5.4,24/26,--,--,--,--
DSP Global Innovation FoF - Direct Plan,24.73,12/56,--,--,--,--,--,--,--,--
DSP Healthcare Fund - Direct Plan,27.06,--,24.39,--,--,--,--,--,--,--
DSP India T.I.G.E.R. Fund - Direct Plan,31.34,7/19,34.44,5/19,16.57,9/19,--,--,--,--
DSP Large Cap Fund - Direct Plan,21.17,3/78,20.37,24/57,12.12,31/42,--,--,--,--
DSP Large & Mid Cap Fund - Direct Plan,23.5,9/30,24.56,12/23,16.05,7/17,--,--,--,--
DSP Midcap Fund - Direct Plan,21.9,27/32,22.35,25/25,15.45,16/19,--,--,--,--
DSP Multicap Fund - Direct Plan,--,--,--,--,--,--,--,--,--,--
DSP Natural Resources and New Energy Fund - Direct Plan,24.25,--,27.73,--,17.68,--,--,--,--,--
DSP NIFTY 50 Equal Weight ETF,19.3,18/121,--,--,--,--,--,--,--,--
DSP Nifty 50 Equal Weight Index Fund - Direct Plan,19.11,25/78,23.81,4/57,--,--,--,--,--,--
DSP Nifty 50 ETF,15.88,65/121,--,--,--,--,--,--,--,--
DSP Nifty 50 Index Fund - Direct Plan,15.68,57/78,18.65,39/57,--,--,--,--,--,--
DSP Nifty Bank ETF,--,--,--,--,--,--,--,--,--,--
DSP Nifty Bank Index Fund - Direct Plan,--,--,--,--,--,--,--,--,--,--
DSP Nifty Healthcare ETF,--,--,--,--,--,--,--,--,--,--
DSP Nifty Healthcare Index Fund - Direct Plan,--,--,--,--,--,--,--,--,--,--
DSP Nifty IT ETF,--,--,--,--,--,--,--,--,--,--
DSP Nifty IT Index Fund - Direct Plan,--,--,--,--,--,--,--,--,--,--
DSP Nifty Midcap 150 Quality 50 ETF,16.6,37/39,--,--,--,--,--,--,--,--
DSP Nifty Midcap 150 Quality 50 Index Fund - Direct Plan,--,--,--,--,--,--,--,--,--,--
DSP Nifty Next 50 Index Fund - Direct Plan,19.74,11/78,21.16,10/57,--,--,--,--,--,--
DSP Nifty Private Bank ETF,--,--,--,--,--,--,--,--,--,--
DSP Nifty Private Bank Index Fund - Direct Plan,--,--,--,--,--,--,--,--,--,--
DSP Nifty PSU Bank ETF,--,--,--,--,--,--,--,--,--,--
DSP Nifty Smallcap250 Quality 50 Index Fund - Direct Plan,--,--,--,--,--,--,--,--,--,--
DSP Nifty Top 10 Equal Weight ETF,--,--,--,--,--,--,--,--,--,--
DSP Nifty Top 10 Equal Weight Index Fund - Direct Plan,--,--,--,--,--,--,--,--,--,--
DSP Quant Fund - Direct Plan,13.0,25/25,15.89,14/14,--,--,--,--,--,--
DSP Small Cap Fund - Direct Plan,24.17,18/28,32.67,17/22,17.87,7/12,--,--,--,--
DSP US Flexible Equity Fund of Fund - Direct Plan,17.58,30/56,17.35,5/31,14.87,2/26,--,--,--,--
DSP Value Fund - Direct Plan,20.67,--,--,--,--,--,--,--,--,--
DSP World Gold FoF - Direct Plan,32.28,2/56,8.17,24/31,15.33,1/26,--,--,--,--
DSP World Mining Fund of Fund - Direct Plan,12.83,41/56,12.91,13/31,12.83,5/26,--,--,--,--
Edelweiss ASEAN Equity Off-shore Fund - Direct Plan,10.97,45/56,9.73,22/31,7.45,20/26,--,--,--,--
Edelweiss BSE Capital Markets & Insurance ETF,--,--,--,--,--,--,--,--,--,--
Edelweiss BSE Internet Economy Index Fund - Direct Plan,--,--,--,--,--,--,--,--,--,--
Edelweiss Business Cycle Fund - Direct Plan,--,--,--,--,--,--,--,--,--,--
Edelweiss Consumption Fund - Direct Plan,--,--,--,--,--,--,--,--,--,--
Edelweiss ELSS Tax Saver Fund - Direct Plan,19.96,18/33,22.31,21/33,13.09,18/26,--,--,--,--
Edelweiss Emerging Markets Opportunities Equity Offshore Fund - Direct Plan,10.57,47/56,5.01,27/31,7.08,22/26,--,--,--,--
Edelweiss Europe Dynamic Equity Offshore Fund - Direct Plan,22.78,15/56,16.24,6/31,9.52,13/26,--,--,--,--
Edelweiss Flexi Cap Fund - Direct Plan,22.39,13/64,24.67,10/50,15.51,5/32,--,--,--,--
Edelweiss Focused Fund - Direct Plan,--,--,--,--,--,--,--,--,--,--
Edelweiss Greater China Equity Off-shore Fund - Direct Plan,6.04,53/56,2.25,30/31,9.1,15/26,--,--,--,--
Edelweiss Large Cap Fund - Direct Plan,19.14,24/78,20.58,20/57,13.48,7/42,--,--,--,--
Edelweiss Large & Mid Cap Fund - Direct Plan,21.7,15/30,25.02,10/23,15.55,9/17,--,--,--,--
Edelweiss Mid Cap Fund - Direct Plan,29.24,4/32,33.7,2/25,19.06,3/19,--,--,--,--
Edelweiss MSCI India Domestic & World Healthcare 45 Index Fund - Direct Plan,19.03,--,--,--,--,--,--,--,--,--
Edelweiss Multi Cap Fund - Direct Plan,--,--,--,--,--,--,--,--,--,--
Edelweiss Nifty 100 Quality 30 Index Fund - Direct Plan,15.31,69/78,--,--,--,--,--,--,--,--
Edelweiss Nifty500 Multicap Momentum Quality 50 ETF,--,--,--,--,--,--,--,--,--,--
Edelweiss Nifty500 Multicap Momentum Quality 50 Index Fund - Direct Plan,--,--,--,--,--,--,--,--,--,--
Edelweiss Nifty 50 Index Fund - Direct Plan,15.58,66/78,--,--,--,--,--,--,--,--
Edelweiss Nifty Alpha Low Volatility 30 Index Fund - Direct Plan,--,--,--,--,--,--,--,--,--,--
Edelweiss Nifty Bank ETF,--,--,--,--,--,--,--,--,--,--
Edelweiss NIFTY Large Mid Cap 250 Index Fund - Direct Plan,21.07,16/30,--,--,--,--,--,--,--,--
Edelweiss Nifty Midcap150 Momentum 50 Index Fund - Direct Plan,--,--,--,--,--,--,--,--,--,--
Edelweiss Nifty Next 50 Index Fund - Direct Plan,--,--,--,--,--,--,--,--,--,--
Edelweiss Nifty Smallcap 250 Index Fund - Direct Plan,--,--,--,--,--,--,--,--,--,--
Edelweiss Recently Listed IPO Fund - Direct Plan,19.32,20/25,22.72,--,--,--,--,--,--,--
Edelweiss Small Cap Fund - Direct Plan,25.9,15/28,35.2,7/22,--,--,--,--,--,--
Edelweiss Technology Fund - Direct Plan,--,--,--,--,--,--,--,--,--,--
Edelweiss US Technology Equity FoF - Direct Plan,28.38,4/56,17.69,4/31,--,--,--,--,--,--
Edelweiss US Value Equity Off-shore Fund - Direct Plan,13.11,39/56,15.45,7/31,11.18,8/26,--,--,--,--
Franklin Asian Equity Fund - Direct Plan,8.3,51/56,4.89,28/31,7.72,18/26,--,--,--,--
Franklin Build India Fund - Direct Plan,32.48,5/19,34.2,6/19,18.16,3/19,--,--,--,--
Franklin India Dividend Yield Fund - Direct Plan,19.69,--,27.42,--,15.76,--,--,--,--,--
Franklin India ELSS Tax Saver Fund - Direct Plan,22.49,8/33,25.72,6/33,14.02,14/26,--,--,--,--
Franklin India Flexi Cap Fund - Direct Plan,22.26,15/64,26.15,8/50,14.69,12/32,--,--,--,--
Franklin India Focused Equity Fund - Direct Plan,19.76,29/64,24.9,9/50,14.58,13/32,--,--,--,--
Franklin India Large Cap Fund - Direct Plan,16.75,42/78,20.28,26/57,11.75,39/42,--,--,--,--
Franklin India Large & Mid Cap Fund - Direct Plan,18.81,25/30,24.28,13/23,12.58,17/17,--,--,--,--
Franklin India Mid Cap Fund - Direct Plan,26.71,11/32,27.58,19/25,16.17,13/19,--,--,--,--
Franklin India Multi Cap Fund - Direct Plan,--,--,--,--,--,--,--,--,--,--
Franklin India NSE Nifty 50 Index - Direct Plan,15.61,64/78,18.52,44/57,12.01,34/42,--,--,--,--
Franklin India Opportunities Fund - Direct Plan,33.52,1/25,31.12,2/14,16.73,1/9,--,--,--,--
Franklin India Small Cap Fund - Direct Plan,28.18,8/28,34.82,10/22,17.33,8/12,--,--,--,--
Franklin India Technology Fund - Direct Plan,23.8,--,22.97,--,17.16,--,--,--,--,--
Franklin U.S. Opportunities Equity Active FoF - Direct Plan,20.75,17/56,12.48,14/31,14.67,4/26,--,--,--,--
Groww Banking & Financial Services Fund - Direct Plan,--,--,--,--,--,--,--,--,--,--
Groww BSE Power ETF,--,--,--,--,--,--,--,--,--,--
Groww BSE Power ETF FOF - Direct Plan,--,--,--,--,--,--,--,--,--,--
Groww ELSS Tax Saver Fund - Direct Plan,18.45,27/33,19.84,30/33,--,--,--,--,--,--
Groww Large Cap Fund - Direct Plan,17.35,39/78,18.43,46/57,12.64,19/42,--,--,--,--
Groww Multicap Fund - Direct Plan,--,--,--,--,--,--,--,--,--,--
Groww Nifty 200 ETF,--,--,--,--,--,--,--,--,--,--
Groww Nifty 200 ETF FoF - Direct Plan,--,--,--,--,--,--,--,--,--,--
Groww Nifty 500 Low Volatility 50 ETF,--,--,--,--,--,--,--,--,--,--
Groww Nifty 500 Momentum 50 ETF,--,--,--,--,--,--,--,--,--,--
Groww Nifty 500 Momentum 50 ETF FoF - Direct Plan,--,--,--,--,--,--,--,--,--,--
Groww Nifty 50 ETF,--,--,--,--,--,--,--,--,--,--
Groww Nifty 50 Index Fund - Direct Plan,--,--,--,--,--,--,--,--,--,--
Groww Nifty EV & New Age Automotive ETF,--,--,--,--,--,--,--,--,--,--
Groww Nifty EV & New Age Automotive ETF FoF - Direct Plan,--,--,--,--,--,--,--,--,--,--
Groww Nifty India Defence ETF,--,--,--,--,--,--,--,--,--,--
Groww Nifty India Defence ETF FoF - Direct Plan,--,--,--,--,--,--,--,--,--,--
Groww Nifty India Internet ETF,--,--,--,--,--,--,--,--,--,--
Groww Nifty India Internet ETF FoF - Direct Plan,--,--,--,--,--,--,--,--,--,--
Groww Nifty India Railways PSU ETF,--,--,--,--,--,--,--,--,--,--
Groww Nifty India Railways PSU Index Fund - Direct Plan,--,--,--,--,--,--,--,--,--,--
Groww Nifty Non-Cyclical Consumer Index Fund - Direct Plan,--,--,--,--,--,--,--,--,--,--
Groww Nifty Smallcap 250 Index Fund - Direct Plan,--,--,--,--,--,--,--,--,--,--
Groww Nifty Total Market Index Fund - Direct Plan,--,--,--,--,--,--,--,--,--,--
Groww Value Fund - Direct Plan,20.71,17/19,22.76,13/14,--,--,--,--,--,--
HDFC Banking & Financial Services Fund - Direct Plan,21.95,7/17,--,--,--,--,--,--,--,--
HDFC BSE 500 ETF,--,--,--,--,--,--,--,--,--,--
HDFC BSE 500 Index Fund - Direct Plan,--,--,--,--,--,--,--,--,--,--
HDFC BSE Sensex ETF,15.17,93/121,18.07,68/97,--,--,--,--,--,--
HDFC BSE Sensex Index Fund Direct Plan,14.95,72/78,17.85,53/57,12.36,22/42,--,--,--,--
HDFC Business Cycle Fund - Direct Plan,--,--,--,--,--,--,--,--,--,--
HDFC Defence Fund - Direct Plan,--,--,--,--,--,--,--,--,--,--
HDFC Developed World Equity Passive FoF - Direct Plan,19.92,21/56,--,--,--,--,--,--,--,--
HDFC Dividend Yield Fund - Direct Plan,23.05,3/6,--,--,--,--,--,--,--,--
HDFC ELSS Tax Saver Fund - Direct Plan,24.86,4/33,26.11,5/33,14.08,12/26,--,--,--,--
HDFC Flexi Cap Fund - Direct Plan,25.76,9/64,29.2,3/50,16.03,4/32,--,--,--,--
HDFC Focused Fund - Direct Plan,26.47,5/64,29.38,2/50,15.3,6/32,--,--,--,--
HDFC Housing Opportunities Fund - Direct Plan,24.71,7/25,26.02,6/14,--,--,--,--,--,--
HDFC Infrastructure Fund - Direct Plan,33.57,2/19,35.98,4/19,12.12,19/19,--,--,--,--
HDFC Innovation Fund - Direct Plan,--,--,--,--,--,--,--,--,--,--
HDFC Large and Mid Cap Fund - Direct Plan,24.02,6/30,28.24,4/23,14.43,12/17,--,--,--,--
HDFC Large Cap Fund - Direct Plan,19.49,17/78,22.17,6/57,13.3,10/42,--,--,--,--
HDFC Manufacturing Fund - Direct Plan,--,--,--,--,--,--,--,--,--,--
HDFC Mid Cap Fund - Direct Plan,30.09,3/32,32.81,3/25,18.72,4/19,--,--,--,--
HDFC MNC Fund - Direct Plan,--,--,--,--,--,--,--,--,--,--
HDFC Multi Cap Fund - Direct Plan,26.1,3/14,--,--,--,--,--,--,--,--
HDFC NIFTY 100 Equal Weight Index Fund - Direct Plan,18.99,27/78,--,--,--,--,--,--,--,--
HDFC NIFTY 100 ETF,--,--,--,--,--,--,--,--,--,--
HDFC NIFTY 100 Index Fund - Direct Plan,15.72,53/78,--,--,--,--,--,--,--,--
HDFC NIFTY100 Low Volatility 30 ETF,--,--,--,--,--,--,--,--,--,--
HDFC NIFTY100 Low Volatility 30 Index Fund - Direct Plan,--,--,--,--,--,--,--,--,--,--
HDFC NIFTY100 Quality 30 ETF,--,--,--,--,--,--,--,--,--,--
HDFC Nifty100 Quality 30 Index Fund - Direct Plan,--,--,--,--,--,--,--,--,--,--
HDFC NIFTY200 Momentum 30 ETF,--,--,--,--,--,--,--,--,--,--
HDFC NIFTY200 Momentum 30 Index Fund - Direct Plan,--,--,--,--,--,--,--,--,--,--
HDFC Nifty500 Multicap 50:25:25 Index Fund - Direct Plan,--,--,--,--,--,--,--,--,--,--
HDFC NIFTY50 Equal Weight Index Fund - Direct Plan,19.08,26/78,--,--,--,--,--,--,--,--
HDFC NIFTY 50 ETF,15.9,61/121,18.91,40/97,--,--,--,--,--,--
HDFC NIFTY 50 Index Fund Direct Plan,15.67,59/78,18.68,34/57,12.36,23/42,--,--,--,--
HDFC NIFTY50 Value 20 ETF,--,--,--,--,--,--,--,--,--,--
HDFC NIFTY Bank ETF,16.58,22/31,--,--,--,--,--,--,--,--
HDFC NIFTY Growth Sectors 15 ETF,--,--,--,--,--,--,--,--,--,--
HDFC Nifty India Digital Index Fund - Direct Plan,--,--,--,--,--,--,--,--,--,--
HDFC NIFTY IT ETF,--,--,--,--,--,--,--,--,--,--
HDFC Nifty LargeMidcap 250 Index Fund - Direct Plan,--,--,--,--,--,--,--,--,--,--
HDFC NIFTY Midcap 150 ETF,--,--,--,--,--,--,--,--,--,--
HDFC NIFTY Midcap 150 Index Fund - Direct Plan,--,--,--,--,--,--,--,--,--,--
HDFC NIFTY Next 50 ETF,--,--,--,--,--,--,--,--,--,--
HDFC NIFTY Next 50 Index Fund - Direct Plan,19.43,20/78,--,--,--,--,--,--,--,--
HDFC NIFTY Private Bank ETF,--,--,--,--,--,--,--,--,--,--
HDFC NIFTY PSU BANK ETF,--,--,--,--,--,--,--,--,--,--
HDFC NIFTY Realty Index Fund - Direct Plan,--,--,--,--,--,--,--,--,--,--
HDFC Nifty Smallcap 250 ETF,--,--,--,--,--,--,--,--,--,--
HDFC Nifty Smallcap 250 Index Fund - Direct Plan,--,--,--,--,--,--,--,--,--,--
HDFC Nifty Top 20 Equal Weight Index Fund - Direct Plan,--,--,--,--,--,--,--,--,--,--
HDFC Non-Cyclical Consumer Fund - Direct Plan,--,--,--,--,--,--,--,--,--,--
HDFC Pharma And Healthcare Fund - Direct Plan,--,--,--,--,--,--,--,--,--,--
HDFC Retirement Savings Fund Equity Plan - Direct Plan,22.45,12/64,27.21,5/50,--,--,--,--,--,--
HDFC Small Cap Fund - Direct Plan,27.35,10/28,35.07,8/22,19.59,4/12,--,--,--,--
HDFC Technology Fund - Direct Plan,--,--,--,--,--,--,--,--,--,--
HDFC Transportation and Logistics Fund - Direct Plan,--,--,--,--,--,--,--,--,--,--
HDFC Value Fund - Direct Plan,23.14,11/19,24.86,8/14,14.83,8/11,--,--,--,--
Helios Financial Services Fund - Direct Plan,--,--,--,--,--,--,--,--,--,--
Helios Flexi Cap Fund - Direct Plan,--,--,--,--,--,--,--,--,--,--
Helios Large & Mid Cap Fund - Direct Plan,--,--,--,--,--,--,--,--,--,--
Helios Mid Cap Fund - Direct Plan,--,--,--,--,--,--,--,--,--,--
HSBC Asia Pacific (Ex Japan) Dividend Yield Fund - Direct Plan,14.45,35/56,10.68,19/31,10.02,11/26,--,--,--,--
HSBC Brazil Fund - Direct Plan,8.69,50/56,0.93,31/31,2.69,26/26,--,--,--,--
HSBC Business Cycles Fund - Direct Plan,26.23,6/25,28.2,4/14,14.14,4/9,--,--,--,--
HSBC Consumption Fund - Direct Plan,--,--,--,--,--,--,--,--,--,--
HSBC ELSS Tax Saver Fund - Direct Plan,23.44,5/33,23.17,16/33,14.04,13/26,--,--,--,--
HSBC Financial Services Fund - Direct Plan,--,--,--,--,--,--,--,--,--,--
HSBC Flexi Cap Fund - Direct Plan,23.37,11/64,23.06,13/50,13.45,20/32,--,--,--,--
HSBC Focused Fund - Direct Plan,18.95,36/64,20.14,35/50,--,--,--,--,--,--
HSBC Global Emerging Markets Fund - Direct Plan,9.3,49/56,7.08,26/31,8.02,16/26,--,--,--,--
HSBC Global Equity Climate Change FoF - Direct Plan,9.9,48/56,--,--,--,--,--,--,--,--
HSBC India Export Opportunities Fund - Direct Plan,--,--,--,--,--,--,--,--,--,--
HSBC Infrastructure Fund - Direct Plan,28.33,12/19,31.69,14/19,16.19,12/19,--,--,--,--
HSBC Large and Mid Cap Fund - Direct Plan,23.96,7/30,23.74,16/23,--,--,--,--,--,--
HSBC Large Cap Fund - Direct Plan,17.39,38/78,19.09,27/57,12.72,17/42,--,--,--,--
HSBC Midcap Fund - Direct Plan,26.74,10/32,27.4,20/25,17.02,7/19,--,--,--,--
HSBC Multi Cap Fund - Direct Plan,--,--,--,--,--,--,--,--,--,--
HSBC Nifty 50 Index Fund - Direct Plan,15.65,61/78,18.65,38/57,--,--,--,--,--,--
HSBC Nifty Next 50 Index Fund - Direct Plan,19.42,21/78,20.88,15/57,--,--,--,--,--,--
HSBC Small Cap Fund - Direct Plan,25.46,17/28,35.99,4/22,18.01,6/12,--,--,--,--
HSBC Tax Saver Equity Fund - Direct Plan,22.96,--,24.26,--,14.4,--,--,--,--,--
HSBC Value Fund - Direct Plan,28.22,3/19,28.99,3/14,17.05,1/11,--,--,--,--
ICICI Prudential Active Momentum Fund - Direct Plan,--,--,--,--,--,--,--,--,--,--
ICICI Prudential Banking and Financial Services Fund - Direct Plan,19.79,11/17,22.31,8/12,14.56,4/10,--,--,--,--
ICICI Prudential BHARAT 22 FOF - Direct Plan,30.02,1/78,32.31,1/57,--,--,--,--,--,--
ICICI Prudential Bharat Consumption Fund - Direct Plan,19.05,6/11,22.19,7/11,--,--,--,--,--,--
ICICI Prudential BSE 500 ETF,18.21,32/66,21.59,15/51,--,--,--,--,--,--
ICICI Prudential BSE 500 ETF FOF - Direct Plan,17.87,46/64,--,--,--,--,--,--,--,--
ICICI Prudential BSE Midcap Select ETF,21.04,31/39,24.52,25/29,--,--,--,--,--,--
ICICI Prudential BSE Sensex ETF,15.21,90/121,18.09,67/97,12.57,17/60,12.03,14/44,13.97,10/29
ICICI Prudential BSE Sensex Index Fund - Direct Plan,14.94,73/78,17.77,54/57,--,--,--,--,--,--
ICICI Prudential Business Cycle Fund - Direct Plan,25.12,--,--,--,--,--,--,--,--,--
ICICI Prudential Commodities Fund - Direct Plan,24.14,--,36.15,--,--,--,--,--,--,--
ICICI Prudential Dividend Yield Equity Fund - Direct Plan,27.52,1/6,30.9,1/4,16.63,1/3,--,--,--,--
ICICI Prudential ELSS Tax Saver - Direct Plan,18.53,26/33,22.09,22/33,13.89,15/26,--,--,--,--
ICICI Prudential Energy Opportunities Fund - Direct Plan,--,--,--,--,--,--,--,--,--,--
ICICI Prudential Equity Minimum Variance Fund - Direct Plan,--,--,--,--,--,--,--,--,--,--
ICICI Prudential ESG Exclusionary Strategy Fund - Direct Plan,22.94,1/9,--,--,--,--,--,--,--,--
ICICI Prudential Exports and Services Fund - Direct Plan,23.21,10/25,25.58,7/14,14.24,3/9,--,--,--,--
ICICI Prudential Flexicap Fund - Direct Plan,20.92,22/64,--,--,--,--,--,--,--,--
ICICI Prudential FMCG Fund - Direct Plan,10.61,--,15.96,--,12.6,--,--,--,--,--
ICICI Prudential Focused Equity Fund - Direct Plan,25.77,8/64,26.64,7/50,16.09,3/32,--,--,--,--
ICICI Prudential Global Advantage Fund (FOF) - Direct Plan,13.82,37/56,9.35,23/31,--,--,--,--,--,--
ICICI Prudential Global Stable Equity Fund (FOF) - Direct Plan,10.83,46/56,11.64,17/31,9.5,14/26,--,--,--,--
ICICI Prudential Housing Opportunities Fund - Direct Plan,21.69,14/25,--,--,--,--,--,--,--,--
ICICI Prudential India Equity FOF - Direct Plan,23.43,--,28.11,--,--,--,--,--,--,--
ICICI Prudential India Opportunities Fund - Direct Plan,27.3,4/25,32.66,1/14,--,--,--,--,--,--
ICICI Prudential Infrastructure Fund - Direct Plan,34.04,1/19,37.87,2/19,17.11,5/19,--,--,--,--
ICICI Prudential Innovation Fund - Direct Plan,--,--,--,--,--,--,--,--,--,--
ICICI Prudential Large Cap Fund - Direct Plan,20.76,4/78,22.69,5/57,14.67,3/42,--,--,--,--
ICICI Prudential Large & Mid Cap Fund - Direct Plan,24.37,5/30,28.77,2/23,16.51,5/17,--,--,--,--
ICICI Prudential Manufacturing Fund - Direct Plan,28.72,3/25,30.51,3/14,--,--,--,--,--,--
ICICI Prudential Midcap Fund - Direct Plan,25.34,18/32,30.15,10/25,16.32,11/19,--,--,--,--
ICICI Prudential MNC Fund - Direct Plan,16.1,--,23.41,--,--,--,--,--,--,--
ICICI Prudential Multicap Fund - Direct Plan,23.8,7/14,26.31,--,15.56,--,--,--,--,--
ICICI Prudential NASDAQ 100 Index Fund - Direct Plan,26.23,7/56,--,--,--,--,--,--,--,--
ICICI Prudential Nifty 100 ETF,15.66,75/121,18.66,55/97,12.32,24/60,--,--,--,--
ICICI Prudential Nifty 100 Low Volatility 30 ETF,17.31,45/121,19.11,33/97,--,--,--,--,--,--
ICICI Prudential Nifty 100 Low Volatility 30 ETF FOF - Direct Plan,17.01,41/78,--,--,--,--,--,--,--,--
ICICI Prudential Nifty 200 Momentum 30 ETF,--,--,--,--,--,--,--,--,--,--
ICICI Prudential Nifty 200 Momentum 30 Index Fund - Direct Plan,--,--,--,--,--,--,--,--,--,--
ICICI Prudential Nifty 200 Quality 30 ETF,--,--,--,--,--,--,--,--,--,--
ICICI Prudential Nifty200 Quality 30 Index Fund - Direct Plan,--,--,--,--,--,--,--,--,--,--
ICICI Prudential Nifty200 Value 30 ETF,--,--,--,--,--,--,--,--,--,--
ICICI Prudential Nifty200 Value 30 Index Fund - Direct Plan,--,--,--,--,--,--,--,--,--,--
ICICI Prudential Nifty 500 Index Fund - Direct Plan,--,--,--,--,--,--,--,--,--,--
ICICI Prudential Nifty50 Equal Weight Index Fund - Direct Plan,--,--,--,--,--,--,--,--,--,--
ICICI Prudential Nifty 50 ETF,15.93,55/121,18.94,37/97,12.63,10/60,--,--,--,--
ICICI Prudential Nifty 50 Index Fund - Direct Plan,15.65,60/78,18.66,37/57,12.27,27/42,--,--,--,--
ICICI Prudential Nifty50 Value 20 ETF,16.27,21/23,20.88,15/18,--,--,--,--,--,--
ICICI Prudential Nifty50 Value 20 Index Fund - Direct Plan,--,--,--,--,--,--,--,--,--,--
ICICI Prudential Nifty Alpha Low Volatility 30 ETF,19.02,19/34,--,--,--,--,--,--,--,--
ICICI Prudential Nifty Alpha Low Volatility 30 ETF FOF - Direct Plan,18.69,26/30,--,--,--,--,--,--,--,--
ICICI Prudential Nifty Auto ETF,24.61,6/30,--,--,--,--,--,--,--,--
ICICI Prudential Nifty Auto Index Fund - Direct Plan,--,--,--,--,--,--,--,--,--,--
ICICI Prudential Nifty Bank ETF,16.64,17/31,20.53,10/21,--,--,--,--,--,--
ICICI Prudential Nifty Bank Index Fund - Direct Plan,16.39,17/17,--,--,--,--,--,--,--,--
ICICI Prudential Nifty Commodities ETF,--,--,--,--,--,--,--,--,--,--
ICICI Prudential Nifty EV & New Age Automotive ETF,--,--,--,--,--,--,--,--,--,--
ICICI Prudential Nifty EV & New Age Automotive ETF FoF - Direct Plan,--,--,--,--,--,--,--,--,--,--
ICICI Prudential Nifty Financial Services Ex-Bank ETF,--,--,--,--,--,--,--,--,--,--
ICICI Prudential Nifty FMCG ETF,11.04,30/30,--,--,--,--,--,--,--,--
ICICI Prudential Nifty Healthcare ETF,23.5,6/12,--,--,--,--,--,--,--,--
ICICI Prudential Nifty India Consumption ETF,17.56,8/15,--,--,--,--,--,--,--,--
ICICI Prudential Nifty Infrastructure ETF,--,--,--,--,--,--,--,--,--,--
ICICI Prudential Nifty IT ETF,11.34,5/9,--,--,--,--,--,--,--,--
ICICI Prudential Nifty IT Index Fund - Direct Plan,--,--,--,--,--,--,--,--,--,--
ICICI Prudential Nifty LargeMidcap 250 Index Fund - Direct Plan,--,--,--,--,--,--,--,--,--,--
ICICI Prudential Nifty Metal ETF,--,--,--,--,--,--,--,--,--,--
ICICI Prudential Nifty Midcap 150 ETF,26.39,10/39,30.54,8/29,--,--,--,--,--,--
ICICI Prudential Nifty Midcap 150 Index Fund - Direct Plan,25.97,16/32,--,--,--,--,--,--,--,--
ICICI Prudential Nifty Next 50 ETF,19.99,11/121,21.54,10/97,--,--,--,--,--,--
ICICI Prudential Nifty Next 50 Index Fund - Direct Plan,19.58,15/78,21.02,13/57,13.18,12/42,--,--,--,--
ICICI Prudential Nifty Oil & Gas ETF,--,--,--,--,--,--,--,--,--,--
ICICI Prudential Nifty Pharma Index Fund - Direct Plan,--,--,--,--,--,--,--,--,--,--
ICICI Prudential Nifty Private Bank ETF,15.18,30/31,17.71,20/21,--,--,--,--,--,--
ICICI Prudential Nifty Private Bank Index Fund - Direct Plan,--,--,--,--,--,--,--,--,--,--
ICICI Prudential Nifty PSU Bank ETF,--,--,--,--,--,--,--,--,--,--
ICICI Prudential Nifty Smallcap 250 Index Fund - Direct Plan,26.87,13/28,--,--,--,--,--,--,--,--
ICICI Prudential Nifty Top 15 Equal Weight ETF,--,--,--,--,--,--,--,--,--,--
ICICI Prudential Nifty Top 15 Equal Weight Index Fund - Direct Plan,--,--,--,--,--,--,--,--,--,--
ICICI Prudential Passive Strategy Fund (FOF) - Direct Plan,20.46,25/64,22.7,14/50,13.48,--,--,--,--,--
ICICI Prudential Pharma Healthcare and Diagnostics (P.H.D) Fund - Direct Plan,29.99,1/8,25.07,1/7,--,--,--,--,--,--
ICICI Prudential PSU Equity Fund - Direct Plan,--,--,--,--,--,--,--,--,--,--
ICICI Prudential Quality Fund - Direct Plan,--,--,--,--,--,--,--,--,--,--
ICICI Prudential Quant Fund - Direct Plan,19.78,19/25,--,--,--,--,--,--,--,--
ICICI Prudential Retirement Fund - Pure Equity Plan - Direct Plan,27.75,2/64,30.19,1/50,--,--,--,--,--,--
ICICI Prudential Rural Opportunities Fund - Direct Plan,--,--,--,--,--,--,--,--,--,--
ICICI Prudential Smallcap Fund - Direct Plan,21.58,24/28,33.22,14/22,16.66,9/12,--,--,--,--
ICICI Prudential Strategic Metal and Energy Equity FoF - Direct Plan,18.72,26/56,--,--,--,--,--,--,--,--
ICICI Prudential Technology Fund - Direct Plan,16.28,--,26.85,--,18.14,--,--,--,--,--
ICICI Prudential Thematic Advantage Fund (FOF) - Direct,23.18,--,27.94,--,16.87,--,--,--,--,--
ICICI Prudential Transportation and Logistics Fund - Direct Plan,--,--,--,--,--,--,--,--,--,--
ICICI Prudential US Bluechip Equity Fund - Direct Plan,15.55,32/56,15.05,9/31,14.69,3/26,--,--,--,--
ICICI Prudential Value Fund - Direct Plan,24.14,--,27.76,--,15.69,--,--,--,--,--
Invesco India Business Cycle Fund - Direct Plan,--,--,--,--,--,--,--,--,--,--
Invesco India Contra Fund - Direct Plan,24.14,8/19,24.57,9/14,17.04,2/11,--,--,--,--
Invesco India ELSS Tax Saver Fund - Direct Plan,21.3,12/33,21.49,26/33,14.8,11/26,--,--,--,--
Invesco India ESG Integration Strategy Fund - Direct Plan,17.15,4/9,--,--,--,--,--,--,--,--
Invesco India Financial Services Fund - Direct Plan,26.05,1/17,24.09,3/12,16.25,2/10,--,--,--,--
Invesco India Flexi Cap Fund - Direct Plan,27.4,3/64,--,--,--,--,--,--,--,--
Invesco India Focused Fund - Direct Plan,27.98,1/64,--,--,--,--,--,--,--,--
Invesco India Infrastructure Fund - Direct Plan,30.68,8/19,32.85,10/19,18.26,2/19,--,--,--,--
Invesco India - Invesco EQQQ NASDAQ-100 ETF FoF - Direct Plan,25.87,9/56,--,--,--,--,--,--,--,--
Invesco India - Invesco Global Consumer Trends FoF - Direct Plan,17.3,31/56,--,--,--,--,--,--,--,--
Invesco India - Invesco Global Equity Income FoF - Direct Plan,23.37,14/56,19.55,1/31,12.01,6/26,--,--,--,--
Invesco India - Invesco Pan European Equity FoF - Direct Plan,19.51,23/56,14.64,10/31,7.32,21/26,--,--,--,--
Invesco India Largecap Fund - Direct Plan,20.49,5/78,21.35,8/57,14.15,4/42,--,--,--,--
Invesco India Large & Mid Cap Fund - Direct Plan,29.47,2/30,26.87,6/23,17.14,2/17,--,--,--,--
Invesco India Manufacturing Fund - Direct Plan,--,--,--,--,--,--,--,--,--,--
Invesco India Mid Cap Fund - Direct Plan,32.26,2/32,31.72,6/25,19.58,1/19,--,--,--,--
Invesco India Multicap Fund - Direct Plan,23.32,8/14,25.67,--,15.39,--,--,--,--,--
Invesco India Nifty 50 ETF,15.83,71/121,18.84,49/97,12.58,14/60,--,--,--,--
Invesco India PSU Equity Fund - Direct Plan,37.38,1/3,29.7,3/3,17.53,1/2,--,--,--,--
Invesco India Smallcap Fund - Direct Plan,30.91,3/28,34.87,9/22,--,--,--,--,--,--
Invesco India Technology Fund - Direct Plan,--,--,--,--,--,--,--,--,--,--
ITI Banking and Financial Services Fund - Direct Plan,18.52,13/17,--,--,--,--,--,--,--,--
ITI Bharat Consumption Fund - Direct Plan,--,--,--,--,--,--,--,--,--,--
ITI ELSS Tax Saver Fund - Direct Plan,25.85,3/33,23.8,13/33,--,--,--,--,--,--
ITI Flexi Cap Fund - Direct Plan,--,--,--,--,--,--,--,--,--,--
ITI Focused Fund - Direct Plan,--,--,--,--,--,--,--,--,--,--
ITI Large Cap Fund - Direct Plan,18.74,31/78,--,--,--,--,--,--,--,--
ITI Large & Mid Cap Fund - Direct Plan,--,--,--,--,--,--,--,--,--,--
ITI Mid Cap Fund - Direct Plan,27.83,7/32,--,--,--,--,--,--,--,--
ITI Multi Cap Fund - Direct Plan,24.86,6/14,22.59,--,--,--,--,--,--,--
ITI Pharma and Healthcare Fund - Direct Plan,24.95,6/8,--,--,--,--,--,--,--,--
ITI Small Cap Fund - Direct Plan,32.33,2/28,30.27,20/22,--,--,--,--,--,--
ITI Value Fund - Direct Plan,24.24,7/19,--,--,--,--,--,--,--,--
JM ELSS Tax Saver Fund - Direct Plan,23.24,6/33,25.42,7/33,16.06,5/26,--,--,--,--
JM Flexicap Fund - Direct Plan,26.05,6/64,27.01,6/50,16.83,2/32,--,--,--,--
JM Focused Fund - Direct Plan,21.53,19/64,21.53,22/50,14.06,17/32,--,--,--,--
JM Large Cap Fund - Direct Plan,19.23,22/78,18.6,41/57,11.77,38/42,--,--,--,--
JM Large & Mid Cap Fund - Direct Plan,--,--,--,--,--,--,--,--,--,--
JM Midcap Fund - Direct Plan,--,--,--,--,--,--,--,--,--,--
JM Small Cap Fund - Direct Plan,--,--,--,--,--,--,--,--,--,--
JM Value Fund - Direct Plan,28.78,2/19,28.13,4/14,17.25,--,--,--,--,--
Kotak Active Momentum Fund - Direct Plan,--,--,--,--,--,--,--,--,--,--
Kotak Banking & Financial Services Fund - Direct Plan,--,--,--,--,--,--,--,--,--,--
Kotak BSE Housing Index Fund - Direct Plan,--,--,--,--,--,--,--,--,--,--
Kotak BSE PSU Index Fund - Direct Plan,--,--,--,--,--,--,--,--,--,--
Kotak BSE Sensex ETF,14.94,103/121,17.83,80/97,12.35,21/60,11.75,18/44,--,--
Kotak BSE Sensex Index Fund - Direct Plan,--,--,--,--,--,--,--,--,--,--
Kotak Business Cycle Fund - Direct Plan,--,--,--,--,--,--,--,--,--,--
Kotak Consumption Fund - Direct Plan,--,--,--,--,--,--,--,--,--,--
Kotak Contra Fund - Direct Plan,24.96,6/19,25.91,7/14,16.82,3/11,--,--,--,--
Kotak ELSS Tax Saver - Direct Plan,20.3,15/33,23.52,14/33,15.24,8/26,--,--,--,--
Kotak Energy Opportunities Fund - Direct Plan,--,--,--,--,--,--,--,--,--,--
Kotak ESG Exclusionary Strategy Fund - Direct Plan,17.62,3/9,--,--,--,--,--,--,--,--
Kotak Flexicap Fund - Direct Plan,20.45,26/64,21.21,25/50,14.82,9/32,--,--,--,--
Kotak Focused Fund - Direct Plan,19.23,32/64,22.0,21/50,--,--,--,--,--,--
Kotak Global Emerging Market - Direct Plan,11.49,43/56,7.83,25/31,6.86,23/26,--,--,--,--
Kotak Global Innovation FoF - Direct Plan,18.41,27/56,--,--,--,--,--,--,--,--
Kotak Healthcare Fund - Direct Plan,--,--,--,--,--,--,--,--,--,--
Kotak Infrastructure and Economic Reform Fund - Standard Plan - Direct Plan,28.06,13/19,33.46,9/19,17.1,6/19,--,--,--,--
Kotak International REIT FOF - Direct Plan,4.09,55/56,--,--,--,--,--,--,--,--
Kotak Large Cap Fund - Direct Plan,18.39,34/78,20.87,17/57,13.71,6/42,--,--,--,--
Kotak Large & Midcap Fund - Direct Plan,22.85,10/30,24.66,11/23,16.35,6/17,--,--,--,--
Kotak Manufacture in India Fund - Direct Plan,22.81,12/25,--,--,--,--,--,--,--,--
Kotak Midcap Fund - Direct Plan,25.77,17/32,31.21,8/25,19.19,2/19,--,--,--,--
Kotak MNC Fund - Direct Plan,--,--,--,--,--,--,--,--,--,--
Kotak MSCI India ETF,--,--,--,--,--,--,--,--,--,--
Kotak Multicap Fund - Direct Plan,27.31,2/14,--,--,--,--,--,--,--,--
Kotak Nasdaq 100 FOF - Direct Plan,26.11,8/56,--,--,--,--,--,--,--,--
Kotak Nifty 100 Equal Weight ETF,--,--,--,--,--,--,--,--,--,--
Kotak Nifty 100 Equal Weight Index Fund - Direct Plan,--,--,--,--,--,--,--,--,--,--
Kotak Nifty 100 Low Volatility 30 ETF,17.63,41/121,--,--,--,--,--,--,--,--
Kotak Nifty 100 Low Volatility 30 Index Fund - Direct Plan,--,--,--,--,--,--,--,--,--,--
Kotak Nifty 200 Momentum 30 Index Fund - Direct Plan,--,--,--,--,--,--,--,--,--,--
Kotak Nifty200 Quality 30 ETF,--,--,--,--,--,--,--,--,--,--
Kotak Nifty 200 Quality 30 Index Fund - Direct Plan,--,--,--,--,--,--,--,--,--,--
Kotak Nifty 50 Equal Weight Index Fund - Direct Plan,--,--,--,--,--,--,--,--,--,--
Kotak Nifty 50 ETF,15.84,69/121,18.84,50/97,12.4,20/60,11.73,19/44,--,--
Kotak Nifty 50 Index Fund - Direct Plan,15.56,67/78,--,--,--,--,--,--,--,--
Kotak Nifty 50 Value 20 ETF,16.42,20/23,20.99,14/18,--,--,--,--,--,--
Kotak Nifty Alpha 50 ETF,22.77,10/66,--,--,--,--,--,--,--,--
Kotak Nifty Alpha 50 Index Fund - Direct Plan,--,--,--,--,--,--,--,--,--,--
Kotak Nifty Bank ETF,16.55,23/31,20.4,15/21,11.97,9/15,--,--,--,--
Kotak Nifty Commodities Index Fund - Direct Plan,--,--,--,--,--,--,--,--,--,--
Kotak Nifty Financial Services Ex-Bank Index Fund - Direct Plan,--,--,--,--,--,--,--,--,--,--
Kotak NIFTY India Consumption ETF,--,--,--,--,--,--,--,--,--,--
Kotak Nifty India Tourism Index Fund - Direct Plan,--,--,--,--,--,--,--,--,--,--
Kotak Nifty IT ETF,11.45,4/9,--,--,--,--,--,--,--,--
Kotak Nifty Midcap 150 ETF,--,--,--,--,--,--,--,--,--,--
Kotak Nifty Midcap 150 Index Fund - Direct Plan,--,--,--,--,--,--,--,--,--,--
Kotak Nifty Midcap 150 Momentum 50 Index Fund - Direct Plan,--,--,--,--,--,--,--,--,--,--
Kotak Nifty Midcap 50 ETF,27.93,4/39,--,--,--,--,--,--,--,--
Kotak Nifty Midcap 50 Index Fund - Direct Plan,--,--,--,--,--,--,--,--,--,--
Kotak Nifty MNC ETF,--,--,--,--,--,--,--,--,--,--
Kotak Nifty Next 50 Index Fund - Direct Plan,19.91,6/78,--,--,--,--,--,--,--,--
Kotak Nifty PSU Bank ETF,36.3,1/31,37.2,2/21,7.75,15/15,4.6,8/8,--,--
Kotak Nifty Smallcap 250 Index Fund - Direct Plan,--,--,--,--,--,--,--,--,--,--
Kotak Nifty Smallcap 50 Index Fund - Direct Plan,--,--,--,--,--,--,--,--,--,--
Kotak Nifty Top 10 Equal Weight Index Fund - Direct Plan,--,--,--,--,--,--,--,--,--,--
Kotak Pioneer Fund - Direct Plan,24.76,--,27.16,--,--,--,--,--,--,--
Kotak Quant Fund - Direct Plan,--,--,--,--,--,--,--,--,--,--
Kotak Small Cap Fund - Direct Plan,20.86,27/28,33.23,13/22,18.91,5/12,--,--,--,--
Kotak Special Opportunities Fund - Direct Plan,--,--,--,--,--,--,--,--,--,--
Kotak Technology Fund - Direct Plan,--,--,--,--,--,--,--,--,--,--
Kotak Transportation & Logistics Fund - Direct Plan,--,--,--,--,--,--,--,--,--,--
LIC MF Banking & Financial Services Fund - Direct Plan,17.36,14/17,19.09,12/12,9.22,10/10,--,--,--,--
LIC MF BSE Sensex ETF,15.12,101/121,18.01,74/97,--,--,--,--,--,--
LIC MF BSE Sensex Index Plan - Direct Plan,14.8,76/78,17.61,55/57,11.87,36/42,--,--,--,--
LIC MF Children's Fund - Direct Plan,13.74,62/64,14.6,50/50,9.43,--,--,--,--,--
LIC MF Dividend Yield Fund - Direct Plan,25.57,2/6,24.76,2/4,--,--,--,--,--,--
LIC MF ELSS Tax Saver - Direct Plan,19.33,20/33,21.06,27/33,12.7,24/26,--,--,--,--
LIC MF Flexi Cap Fund - Direct Plan,16.82,53/64,18.9,42/50,10.73,31/32,--,--,--,--
LIC MF Focused Fund - Direct Plan,16.06,--,18.7,--,--,--,--,--,--,--
LIC MF Healthcare Fund - Direct Plan,22.44,8/8,18.55,7/7,--,--,--,--,--,--
LIC MF Infrastructure Fund - Direct Plan,32.39,6/19,33.72,7/19,16.08,13/19,--,--,--,--
LIC MF Large Cap Fund - Direct Plan,15.45,68/78,18.14,49/57,11.5,41/42,--,--,--,--
LIC MF Large & Mid Cap Fund - Direct Plan,20.16,19/30,23.77,15/23,15.81,8/17,--,--,--,--
LIC MF Manufacturing Fund - Direct Plan,--,--,--,--,--,--,--,--,--,--
LIC MF Midcap Fund - Direct Plan,23.62,21/32,25.17,23/25,--,--,--,--,--,--
LIC MF Multi Cap Fund - Direct Plan,--,--,--,--,--,--,--,--,--,--
LIC MF Nifty 100 ETF,15.88,64/121,18.87,47/97,--,--,--,--,--,--
LIC MF Nifty 50 ETF,15.83,70/121,18.85,48/97,--,--,--,--,--,--
LIC MF Nifty 50 Index Plan - Direct Plan,15.6,65/78,18.48,45/57,12.11,32/42,--,--,--,--
LIC MF Nifty Midcap 100 ETF,--,--,--,--,--,--,--,--,--,--
LIC MF Nifty Next 50 Index Fund - Direct Plan,19.68,14/78,20.95,14/57,13.16,13/42,--,--,--,--
LIC MF Small Cap Fund - Direct Plan,24.12,20/28,32.7,16/22,--,--,--,--,--,--
LIC MF Value Fund - Direct Plan,--,--,--,--,--,--,--,--,--,--
Mahindra Manulife Asia Pacific REITs FoF - Direct Plan,2.66,56/56,--,--,--,--,--,--,--,--
Mahindra Manulife Banking & Financial Services Fund - Direct Plan,--,--,--,--,--,--,--,--,--,--
Mahindra Manulife Business Cycle Fund - Direct Plan,--,--,--,--,--,--,--,--,--,--
Mahindra Manulife Consumption Fund - Direct Plan,18.76,8/11,21.37,9/11,--,--,--,--,--,--
Mahindra Manulife ELSS Tax Saver Fund - Direct Plan,18.73,24/33,23.36,15/33,--,--,--,--,--,--
Mahindra Manulife Flexi Cap Fund - Direct Plan,20.75,24/64,--,--,--,--,--,--,--,--
Mahindra Manulife Focused Fund - Direct Plan,23.98,10/64,--,--,--,--,--,--,--,--
Mahindra Manulife Large Cap Fund - Direct Plan,17.83,36/78,20.81,18/57,--,--,--,--,--,--
Mahindra Manulife Large & Mid Cap Fund - Direct Plan,20.89,17/30,25.96,7/23,--,--,--,--,--,--
Mahindra Manulife Manufacturing Fund - Direct Plan,--,--,--,--,--,--,--,--,--,--
Mahindra Manulife Mid Cap Fund - Direct Plan,28.24,6/32,31.35,7/25,--,--,--,--,--,--
Mahindra Manulife Multi Cap Fund - Direct Plan,24.99,5/14,28.54,--,--,--,--,--,--,--
Mahindra Manulife Small Cap Fund - Direct Plan,--,--,--,--,--,--,--,--,--,--
Mahindra Manulife Value Fund - Direct Plan,--,--,--,--,--,--,--,--,--,--
Mirae Asset Banking and Financial Services Fund - Direct Plan,22.17,6/17,--,--,--,--,--,--,--,--
Mirae Asset BSE 200 Equal Weight ETF,--,--,--,--,--,--,--,--,--,--
Mirae Asset BSE 200 Equal Weight ETF FoF - Direct Plan,--,--,--,--,--,--,--,--,--,--
Mirae Asset BSE Select IPO ETF,--,--,--,--,--,--,--,--,--,--
Mirae Asset BSE Select IPO ETF FoF - Direct Plan,--,--,--,--,--,--,--,--,--,--
Mirae Asset BSE Sensex ETF,--,--,--,--,--,--,--,--,--,--
Mirae Asset Diversified Equity Allocator Passive FoF - Direct Plan,18.02,35/78,--,--,--,--,--,--,--,--
Mirae Asset ELSS Tax Saver Fund - Direct Plan,19.98,17/33,23.83,12/33,--,--,--,--,--,--
Mirae Asset Flexi Cap Fund - Direct Plan,--,--,--,--,--,--,--,--,--,--
Mirae Asset Focused Fund - Direct Plan,14.74,59/64,19.64,39/50,--,--,--,--,--,--
Mirae Asset Global Electric & Autonomous Vehicles Equity Passive FoF - Direct Plan,--,--,--,--,--,--,--,--,--,--
Mirae Asset Global X Artificial Intelligence & Technology ETF FoF - Direct Plan,--,--,--,--,--,--,--,--,--,--
Mirae Asset Great Consumer Fund - Direct Plan,20.9,2/11,24.43,3/11,16.96,1/7,--,--,--,--
Mirae Asset Hang Seng TECH ETF,10.76,49/62,--,--,--,--,--,--,--,--
Mirae Asset Hang Seng TECH ETF FoF - Direct Plan,15.0,34/56,--,--,--,--,--,--,--,--
Mirae Asset Healthcare Fund - Direct Plan,24.97,5/8,23.31,3/7,--,--,--,--,--,--
Mirae Asset Large Cap Fund - Direct Plan,16.01,46/78,18.93,29/57,14.0,5/42,--,--,--,--
Mirae Asset Large & Midcap Fund - Direct Plan,19.1,24/30,23.51,17/23,18.12,1/17,--,--,--,--
Mirae Asset Midcap Fund - Direct Plan,22.75,24/32,30.03,12/25,--,--,--,--,--,--
Mirae Asset Multicap Fund - Direct Plan,--,--,--,--,--,--,--,--,--,--
Mirae Asset Nifty 100 ESG Sector Leaders ETF,15.16,7/10,--,--,--,--,--,--,--,--
Mirae Asset Nifty 100 ESG Sector Leaders FoF - Direct Plan,15.08,9/9,--,--,--,--,--,--,--,--
Mirae Asset Nifty 100 Low Volatility 30 ETF,--,--,--,--,--,--,--,--,--,--
Mirae Asset Nifty 200 Alpha 30 ETF,--,--,--,--,--,--,--,--,--,--
Mirae Asset Nifty 200 Alpha 30 ETF FoF - Direct Plan,--,--,--,--,--,--,--,--,--,--
Mirae Asset Nifty500 Multicap 50:25:25 ETF,--,--,--,--,--,--,--,--,--,--
Mirae Asset Nifty50 Equal Weight ETF,--,--,--,--,--,--,--,--,--,--
Mirae Asset Nifty 50 ETF,15.9,59/121,18.93,38/97,--,--,--,--,--,--
Mirae Asset Nifty 50 Index Fund - Direct Plan,--,--,--,--,--,--,--,--,--,--
Mirae Asset Nifty Bank ETF,--,--,--,--,--,--,--,--,--,--
Mirae Asset Nifty EV and New Age Automotive ETF,--,--,--,--,--,--,--,--,--,--
Mirae Asset Nifty Financial Services ETF,18.22,14/31,--,--,--,--,--,--,--,--
Mirae Asset Nifty India Internet ETF,--,--,--,--,--,--,--,--,--,--
Mirae Asset Nifty India Manufacturing ETF,22.98,11/30,--,--,--,--,--,--,--,--
Mirae Asset Nifty India Manufacturing ETF FoF - Direct Plan,22.69,13/25,--,--,--,--,--,--,--,--
Mirae Asset Nifty India New Age Consumption ETF,--,--,--,--,--,--,--,--,--,--
Mirae Asset Nifty India New Age Consumption ETF FoF - Direct Plan,--,--,--,--,--,--,--,--,--,--
Mirae Asset Nifty IT ETF,--,--,--,--,--,--,--,--,--,--
Mirae Asset Nifty LargeMidcap 250 Index Fund - Direct Plan,--,--,--,--,--,--,--,--,--,--
Mirae Asset Nifty Metal ETF,--,--,--,--,--,--,--,--,--,--
Mirae Asset Nifty Midcap 150 ETF,26.47,9/39,--,--,--,--,--,--,--,--
Mirae Asset Nifty MidSmallcap400 Momentum Quality 100 ETF,--,--,--,--,--,--,--,--,--,--
Mirae Asset Nifty MidSmallcap400 Momentum Quality 100 ETF FoF - Direct Plan,--,--,--,--,--,--,--,--,--,--
Mirae Asset Nifty Next 50 ETF,19.87,14/121,21.12,17/97,--,--,--,--,--,--
Mirae Asset Nifty PSU Bank ETF,--,--,--,--,--,--,--,--,--,--
Mirae Asset Nifty Smallcap 250 Momentum Quality 100 ETF,--,--,--,--,--,--,--,--,--,--
Mirae Asset Nifty Smallcap 250 Momentum Quality 100 ETF FoF - Direct Plan,--,--,--,--,--,--,--,--,--,--
Mirae Asset Nifty Total Market Index Fund - Direct Plan,--,--,--,--,--,--,--,--,--,--
Mirae Asset NYSE FANG+ ETF,43.99,2/62,--,--,--,--,--,--,--,--
Mirae Asset NYSE FANG+ ETF FoF - Direct Plan,53.35,1/56,--,--,--,--,--,--,--,--
Mirae Asset Small Cap Fund - Direct Plan,--,--,--,--,--,--,--,--,--,--
Mirae Asset S&P 500 Top 50 ETF,23.95,13/62,--,--,--,--,--,--,--,--
Mirae Asset S&P 500 Top 50 ETF FoF - Direct Plan,29.33,3/56,--,--,--,--,--,--,--,--
Motilal Oswal Active Momentum Fund - Direct Plan,--,--,--,--,--,--,--,--,--,--
Motilal Oswal BSE 1000 Index Fund - Direct Plan,--,--,--,--,--,--,--,--,--,--
Motilal Oswal BSE Enhanced Value ETF,--,--,--,--,--,--,--,--,--,--
Motilal Oswal BSE Enhanced Value Index Fund - Direct Plan,--,--,--,--,--,--,--,--,--,--
Motilal Oswal BSE Financials ex Bank 30 Index Fund - Direct Plan,--,--,--,--,--,--,--,--,--,--
Motilal Oswal BSE Healthcare ETF,--,--,--,--,--,--,--,--,--,--
Motilal Oswal BSE India Infrastructure ETF,--,--,--,--,--,--,--,--,--,--
Motilal Oswal BSE Low Volatility ETF,17.39,29/34,--,--,--,--,--,--,--,--
Motilal Oswal BSE Low Volatility Index Fund - Direct Plan,16.98,30/30,--,--,--,--,--,--,--,--
Motilal Oswal BSE Quality ETF,--,--,--,--,--,--,--,--,--,--
Motilal Oswal BSE Quality Index Fund - Direct Plan,--,--,--,--,--,--,--,--,--,--
Motilal Oswal Business Cycle Fund - Direct Plan,--,--,--,--,--,--,--,--,--,--
Motilal Oswal Developed Market Ex US ETFs FoF - Direct Plan,--,--,--,--,--,--,--,--,--,--
Motilal Oswal Digital India Fund - Direct Plan,--,--,--,--,--,--,--,--,--,--
Motilal Oswal ELSS Tax Saver Fund - Direct Plan,30.44,1/33,28.18,2/33,18.14,2/26,--,--,--,--
Motilal Oswal Flexi Cap Fund - Direct Plan,27.12,4/64,21.17,26/50,14.13,16/32,--,--,--,--
Motilal Oswal Focused Fund - Direct Plan,13.99,60/64,15.65,49/50,11.63,29/32,--,--,--,--
Motilal Oswal Infrastructure Fund - Direct Plan,--,--,--,--,--,--,--,--,--,--
Motilal Oswal Innovation Opportunities Fund - Direct Plan,--,--,--,--,--,--,--,--,--,--
Motilal Oswal Large and Midcap Fund - Direct Plan,32.34,1/30,30.95,1/23,--,--,--,--,--,--
Motilal Oswal Large Cap Fund - Direct Plan,--,--,--,--,--,--,--,--,--,--
Motilal Oswal Manufacturing Fund - Direct Plan,--,--,--,--,--,--,--,--,--,--
Motilal Oswal Midcap Fund - Direct Plan,32.36,1/32,36.9,1/25,18.68,5/19,--,--,--,--
Motilal Oswal Multi Cap Fund - Direct Plan,--,--,--,--,--,--,--,--,--,--
Motilal Oswal NASDAQ 100 ETF,25.44,11/62,19.73,1/33,20.72,1/28,--,--,--,--
Motilal Oswal Nasdaq 100 FOF - Direct Plan,26.53,6/56,19.38,2/31,--,--,--,--,--,--
Motilal Oswal Nasdaq Q50 ETF,14.32,37/62,--,--,--,--,--,--,--,--
Motilal Oswal Nifty 200 Momentum 30 ETF,21.63,10/34,--,--,--,--,--,--,--,--
Motilal Oswal Nifty 200 Momentum 30 Index Fund - Direct Plan,21.71,14/30,--,--,--,--,--,--,--,--
Motilal Oswal Nifty 500 ETF,--,--,--,--,--,--,--,--,--,--
Motilal Oswal Nifty 500 Index Fund - Direct Plan,18.44,40/64,21.39,23/50,--,--,--,--,--,--
Motilal Oswal Nifty 500 Momentum 50 ETF,--,--,--,--,--,--,--,--,--,--
Motilal Oswal Nifty 500 Momentum 50 Index Fund - Direct Plan,--,--,--,--,--,--,--,--,--,--
Motilal Oswal Nifty 50 Equal Weight ETF,--,--,--,--,--,--,--,--,--,--
Motilal Oswal Nifty 50 ETF,15.89,63/121,18.88,45/97,12.19,28/60,--,--,--,--
Motilal Oswal Nifty 50 Index Fund - Direct Plan,15.75,49/78,18.68,33/57,--,--,--,--,--,--
Motilal Oswal Nifty Alpha 50 ETF,--,--,--,--,--,--,--,--,--,--
Motilal Oswal Nifty Bank Index Fund - Direct Plan,16.55,15/17,20.23,10/12,--,--,--,--,--,--
Motilal Oswal Nifty Capital Market ETF,--,--,--,--,--,--,--,--,--,--
Motilal Oswal Nifty Capital Market Index Fund - Direct Plan,--,--,--,--,--,--,--,--,--,--
Motilal Oswal Nifty India Defence ETF,--,--,--,--,--,--,--,--,--,--
Motilal Oswal Nifty India Defence Index Fund - Direct Plan,--,--,--,--,--,--,--,--,--,--
Motilal Oswal Nifty India Manufacturing ETF,--,--,--,--,--,--,--,--,--,--
Motilal Oswal Nifty India Tourism ETF,--,--,--,--,--,--,--,--,--,--
Motilal Oswal Nifty Microcap 250 Index Fund - Direct Plan,--,--,--,--,--,--,--,--,--,--
Motilal Oswal Nifty Midcap 100 ETF,27.3,7/39,31.16,5/29,16.14,7/20,--,--,--,--
Motilal Oswal Nifty Midcap 150 Index Fund - Direct Plan,26.32,12/32,30.37,9/25,--,--,--,--,--,--
Motilal Oswal Nifty Midcap150 Momentum 50 ETF,--,--,--,--,--,--,--,--,--,--
Motilal Oswal Nifty MidSmall Financial Services Index Fund - Direct Plan,--,--,--,--,--,--,--,--,--,--
Motilal Oswal Nifty MidSmall Healthcare Index Fund - Direct Plan,--,--,--,--,--,--,--,--,--,--
Motilal Oswal Nifty MidSmall India Consumption Index Fund - Direct Plan,--,--,--,--,--,--,--,--,--,--
Motilal Oswal Nifty MidSmall IT and Telecom Index Fund - Direct Plan,--,--,--,--,--,--,--,--,--,--
Motilal Oswal Nifty Next 50 ETF,--,--,--,--,--,--,--,--,--,--
Motilal Oswal Nifty Next 50 Index Fund - Direct Plan,19.8,7/78,20.88,16/57,--,--,--,--,--,--
Motilal Oswal Nifty PSE ETF,--,--,--,--,--,--,--,--,--,--
Motilal Oswal Nifty Realty ETF,--,--,--,--,--,--,--,--,--,--
Motilal Oswal Nifty Smallcap 250 ETF,--,--,--,--,--,--,--,--,--,--
Motilal Oswal Nifty Smallcap 250 Index Fund - Direct Plan,27.12,11/28,32.7,15/22,--,--,--,--,--,--
Motilal Oswal Quant Fund - Direct Plan,--,--,--,--,--,--,--,--,--,--
Motilal Oswal Services Fund - Direct Plan,--,--,--,--,--,--,--,--,--,--
Motilal Oswal Small Cap Fund - Direct Plan,--,--,--,--,--,--,--,--,--,--
Motilal Oswal S&P 500 Index Fund - Direct Plan,19.97,19/56,17.88,3/31,--,--,--,--,--,--
Motilal Oswal Special Opportunities Fund - Direct Plan,--,--,--,--,--,--,--,--,--,--
Navi BSE Sensex Index Fund - Direct Plan,--,--,--,--,--,--,--,--,--,--
Navi ELSS Tax Saver Fund - Direct Plan,16.9,--,19.08,--,--,--,--,--,--,--
Navi ELSS Tax Saver Nifty 50 Index Fund - Direct Plan,--,--,--,--,--,--,--,--,--,--
Navi Flexi Cap Fund - Direct Plan,16.94,52/64,20.46,33/50,--,--,--,--,--,--
Navi Large & Midcap Fund - Direct Plan,17.36,27/30,23.24,19/23,--,--,--,--,--,--
Navi Nifty 500 Multicap 50:25:25 Index Fund - Direct Plan,--,--,--,--,--,--,--,--,--,--
Navi Nifty 50 Index Fund - Direct Plan,15.74,50/78,--,--,--,--,--,--,--,--
Navi Nifty Bank Index Fund - Direct Plan,16.44,16/17,--,--,--,--,--,--,--,--
Navi Nifty India Manufacturing Index Fund - Direct Plan,--,--,--,--,--,--,--,--,--,--
Navi Nifty IT Index Fund - Direct Plan,--,--,--,--,--,--,--,--,--,--
Navi Nifty Midcap 150 Index Fund - Direct Plan,26.02,15/32,--,--,--,--,--,--,--,--
Navi Nifty Next 50 Index Fund - Direct Plan,19.74,10/78,--,--,--,--,--,--,--,--
Navi Nifty Smallcap250 Momentum Quality 100 Index Fund - Direct Plan,--,--,--,--,--,--,--,--,--,--
Navi US NASDAQ 100 FoF - Direct Plan,26.54,5/56,--,--,--,--,--,--,--,--
Navi US Total Stock Market FoF - Direct Plan,20.26,18/56,--,--,--,--,--,--,--,--
Nippon India Active Momentum Fund - Direct Plan,--,--,--,--,--,--,--,--,--,--
Nippon India Banking & Financial Services Fund - Direct Plan,22.6,5/17,26.91,1/12,14.2,6/10,--,--,--,--
Nippon India BSE Sensex Next 30 ETF,--,--,--,--,--,--,--,--,--,--
Nippon India BSE Sensex Next 30 Index Fund - Direct Plan,--,--,--,--,--,--,--,--,--,--
Nippon India Consumption Fund - Direct Plan,20.54,3/11,25.2,2/11,15.1,5/7,--,--,--,--
Nippon India Diversified Equity Flexicap Passive FoF - Direct Plan,18.07,45/64,--,--,--,--,--,--,--,--
Nippon India ELSS Tax Saver Fund - Direct Plan,20.97,13/33,24.72,11/33,11.37,26/26,--,--,--,--
Nippon India ETF BSE Sensex,15.2,91/121,18.07,69/97,12.58,13/60,--,--,--,--
Nippon India ETF BSE Sensex Next 50,22.45,5/121,25.31,5/97,--,--,--,--,--,--
Nippon India ETF Hang Seng BeES,13.4,40/62,5.48,28/33,5.55,25/28,8.04,6/14,--,--
Nippon India ETF Nifty 100,15.62,76/121,18.54,57/97,11.93,35/60,--,--,--,--
Nippon India ETF Nifty 50 BeES,15.91,56/121,18.93,39/97,12.57,16/60,11.98,15/44,14.02,9/29
Nippon India ETF Nifty 50 Shariah BeES,7.33,121/121,12.73,97/97,9.84,59/60,9.69,43/44,--,--
Nippon India ETF Nifty 50 Value 20,16.18,22/23,20.69,17/18,14.36,7/12,--,--,--,--
Nippon India ETF Nifty Bank BeES,16.58,21/31,20.46,14/21,11.95,10/15,12.65,4/8,14.87,2/3
Nippon India ETF Nifty Dividend Opportunities 50,21.19,16/30,22.46,9/15,14.03,3/10,--,--,--,--
Nippon India ETF Nifty India Consumption,17.41,10/15,19.7,10/12,13.49,7/8,--,--,--,--
Nippon India ETF Nifty Infrastructure BeES,23.64,17/20,23.63,20/20,10.82,20/20,--,--,--,--
Nippon India ETF Nifty IT,11.28,8/9,18.69,2/2,--,--,--,--,--,--
Nippon India ETF Nifty Midcap 150,26.33,12/39,30.66,6/29,--,--,--,--,--,--
Nippon India ETF Nifty Next 50 Junior BeES,19.91,13/121,21.32,16/97,13.36,4/60,13.14,6/44,14.58,5/29
Nippon India ETF Nifty PSU Bank BeES,36.29,2/31,37.26,1/21,7.81,14/15,4.72,7/8,--,--
Nippon India Flexi Cap Fund - Direct Plan,19.06,34/64,--,--,--,--,--,--,--,--
Nippon India Focused Fund - Direct Plan,17.63,48/64,24.13,11/50,14.38,14/32,--,--,--,--
Nippon India Growth Mid Cap Fund - Direct Plan,28.86,5/32,32.55,5/25,18.25,6/19,--,--,--,--
Nippon India Index Fund - BSE Sensex Plan - Direct Plan,14.97,71/78,17.85,52/57,12.22,29/42,--,--,--,--
Nippon India Index Fund - Nifty 50 Plan - Direct Plan,15.69,55/78,18.68,35/57,12.24,28/42,--,--,--,--
Nippon India Innovation Fund - Direct Plan,--,--,--,--,--,--,--,--,--,--
Nippon India Japan Equity Fund - Direct Plan,15.03,33/56,9.82,21/31,7.47,19/26,--,--,--,--
Nippon India Large Cap Fund - Direct Plan,22.95,2/78,25.86,2/57,14.78,1/42,--,--,--,--
Nippon India MNC Fund - Direct Plan,--,--,--,--,--,--,--,--,--,--
Nippon India Multi Cap Fund - Direct Plan,27.38,1/14,32.46,--,15.57,--,--,--,--,--
Nippon India Nifty 500 Equal Weight Index Fund - Direct Plan,--,--,--,--,--,--,--,--,--,--
Nippon India Nifty 500 Low Volatility 50 Index Fund - Direct Plan,--,--,--,--,--,--,--,--,--,--
Nippon India Nifty 500 Momentum 50 Index Fund - Direct Plan,--,--,--,--,--,--,--,--,--,--
Nippon India Nifty 500 Quality 50 Index Fund - Direct Plan,--,--,--,--,--,--,--,--,--,--
Nippon India Nifty 50 Value 20 Index Fund - Direct Plan,16.18,19/19,--,--,--,--,--,--,--,--
Nippon India Nifty Alpha Low Volatility 30 Index Fund - Direct Plan,--,--,--,--,--,--,--,--,--,--
Nippon India Nifty Auto ETF,24.55,7/30,--,--,--,--,--,--,--,--
Nippon India Nifty Auto Index Fund - Direct Plan,--,--,--,--,--,--,--,--,--,--
Nippon India Nifty Bank Index Fund - Direct Plan,--,--,--,--,--,--,--,--,--,--
Nippon India Nifty IT Index Fund - Direct Plan,--,--,--,--,--,--,--,--,--,--
Nippon India Nifty Midcap 150 Index Fund - Direct Plan,26.09,14/32,--,--,--,--,--,--,--,--
Nippon India Nifty Next 50 Junior BeES FoF - Direct Plan,19.75,9/78,21.18,9/57,--,--,--,--,--,--
Nippon India Nifty Pharma ETF,21.73,11/12,--,--,--,--,--,--,--,--
Nippon India Nifty Realty Index Fund - Direct Plan,--,--,--,--,--,--,--,--,--,--
Nippon India Nifty Smallcap 250 Index Fund - Direct Plan,26.62,14/28,--,--,--,--,--,--,--,--
Nippon India Pharma Fund - Direct Plan,25.27,4/8,22.49,5/7,15.16,1/2,--,--,--,--
Nippon India Power & Infra Fund - Direct Plan,33.51,3/19,32.68,11/19,16.71,7/19,--,--,--,--
Nippon India Quant Fund - Direct Plan,23.72,9/25,23.99,8/14,14.1,5/9,--,--,--,--
Nippon India Retirement Fund - Wealth Creation Scheme - Direct Plan,21.37,20/64,22.64,15/50,12.07,28/32,--,--,--,--
Nippon India Small Cap Fund - Direct Plan,28.4,7/28,38.0,2/22,22.22,1/12,--,--,--,--
Nippon India Taiwan Equity Fund - Direct Plan,24.05,13/56,--,--,--,--,--,--,--,--
Nippon India US Equity Opportunities Fund - Direct Plan,18.4,28/56,14.22,12/31,--,--,--,--,--,--
Nippon India Value Fund - Direct Plan,25.39,5/19,27.96,5/14,15.91,5/11,--,--,--,--
Nippon India Vision Large & Mid Cap Fund - Direct Plan,23.89,8/30,25.65,8/23,12.99,15/17,--,--,--,--
NJ ELSS Tax Saver Scheme - Direct Plan,--,--,--,--,--,--,--,--,--,--
NJ Flexi Cap Fund - Direct Plan,--,--,--,--,--,--,--,--,--,--
Old Bridge Focused Fund - Direct Plan,--,--,--,--,--,--,--,--,--,--
Parag Parikh ELSS Tax Saver Fund - Direct Plan,22.32,9/33,25.24,8/33,--,--,--,--,--,--
Parag Parikh Flexi Cap Fund - Direct Plan,23.17,--,25.17,--,18.11,--,--,--,--,--
PGIM India ELSS Tax Saver Fund - Direct Plan,17.37,29/33,22.35,20/33,--,--,--,--,--,--
PGIM India Emerging Markets Equity FoF - Direct Plan,12.11,42/56,2.83,29/31,3.66,25/26,--,--,--,--
PGIM India Flexi Cap Fund - Direct Plan,16.45,54/64,22.09,20/50,14.94,7/32,--,--,--,--
PGIM India Global Equity Opportunities FoF - Direct Plan,19.39,24/56,10.25,20/31,11.76,7/26,--,--,--,--
PGIM India Global Select Real Estate Securities FoF - Direct Plan,6.79,52/56,--,--,--,--,--,--,--,--
PGIM India Healthcare Fund - Direct Plan,--,--,--,--,--,--,--,--,--,--
PGIM India Large and Mid Cap Fund - Direct Plan,--,--,--,--,--,--,--,--,--,--
PGIM India Large Cap Fund - Direct Plan,15.99,47/78,17.87,51/57,11.78,37/42,--,--,--,--
PGIM India Midcap Fund - Direct Plan,17.68,31/32,29.07,14/25,16.52,9/19,--,--,--,--
PGIM India Multi Cap Fund - Direct Plan,--,--,--,--,--,--,--,--,--,--
PGIM India Retirement Fund - Direct Plan,--,--,--,--,--,--,--,--,--,--
PGIM India Small Cap Fund - Direct Plan,18.9,28/28,--,--,--,--,--,--,--,--
Quant BFSI Fund - Direct Plan,--,--,--,--,--,--,--,--,--,--
Quant Business Cycle Fund - Direct Plan,--,--,--,--,--,--,--,--,--,--
Quant Commodities Fund - Direct Plan,--,--,--,--,--,--,--,--,--,--
Quant Consumption Fund - Direct Plan,--,--,--,--,--,--,--,--,--,--
Quant ELSS Tax Saver Fund - Direct Plan,19.56,19/33,31.99,1/33,21.24,1/26,--,--,--,--
Quant ESG Integration Strategy Fund - Direct Plan,20.65,2/9,--,--,--,--,--,--,--,--
Quant Flexi Cap Fund - Direct Plan,22.38,14/64,31.46,--,19.21,--,--,--,--,--
Quant Focused Fund - Direct Plan,19.46,19/78,24.81,3/57,15.42,--,--,--,--,--
Quant Healthcare Fund - Direct Plan,--,--,--,--,--,--,--,--,--,--
Quant Infrastructure Fund - Direct Plan,23.25,18/19,39.51,1/19,19.1,1/19,--,--,--,--
Quant Large and Mid Cap Fund - Direct Plan,22.01,13/30,25.65,9/23,17.0,--,--,--,--,--
Quant Large Cap Fund - Direct Plan,--,--,--,--,--,--,--,--,--,--
Quant Manufacturing Fund - Direct Plan,--,--,--,--,--,--,--,--,--,--
Quant Mid Cap Fund - Direct Plan,23.47,22/32,32.73,4/25,17.99,--,--,--,--,--
Quant Momentum Fund - Direct Plan,--,--,--,--,--,--,--,--,--,--
Quant Multi Cap Fund - Direct Plan,17.55,14/14,28.47,--,18.22,--,--,--,--,--
Quant PSU Fund - Direct Plan,--,--,--,--,--,--,--,--,--,--
Quant Quantamental Fund - Direct Plan,26.36,5/25,--,--,--,--,--,--,--,--
Quant Small Cap Fund - Direct Plan,30.02,4/28,43.18,1/22,20.8,--,--,--,--,--
Quant Teck Fund - Direct Plan,--,--,--,--,--,--,--,--,--,--
Quantum ELSS Tax Saver Fund - Direct Plan,20.26,16/33,22.7,17/33,12.87,22/26,13.05,1/1,--,--
Quantum Equity FoF - Direct Plan,19.0,35/64,20.47,32/50,12.79,26/32,13.06,1/1,--,--
Quantum ESG Best In Class Strategy Fund - Direct Plan,16.65,6/9,20.14,1/3,--,--,--,--,--,--
Quantum Ethical Fund - Direct Plan,--,--,--,--,--,--,--,--,--,--
Quantum Nifty 50 ETF,15.85,67/121,18.87,46/97,12.52,18/60,11.87,16/44,--,--
Quantum Nifty 50 ETF FoF - Direct Plan,--,--,--,--,--,--,--,--,--,--
Quantum Small Cap Fund - Direct Plan,--,--,--,--,--,--,--,--,--,--
Quantum Value Fund - Direct Plan,20.26,18/19,22.73,14/14,12.77,11/11,13.07,1/1,--,--
Quant Value Fund - Direct Plan,28.83,1/19,--,--,--,--,--,--,--,--
Samco Active Momentum Fund - Direct Plan,--,--,--,--,--,--,--,--,--,--
Samco ELSS Tax Saver Fund - Direct Plan,--,--,--,--,--,--,--,--,--,--
Samco Flexi Cap Fund - Direct Plan,7.25,64/64,--,--,--,--,--,--,--,--
Samco Large Cap Fund - Direct Plan,--,--,--,--,--,--,--,--,--,--
Samco Large & Mid Cap Fund - Direct Plan,--,--,--,--,--,--,--,--,--,--
Samco Multi Cap Fund - Direct Plan,--,--,--,--,--,--,--,--,--,--
Samco Special Opportunities Fund - Direct Plan,--,--,--,--,--,--,--,--,--,--
SBI Automotive Opportunities Fund - Direct Plan,--,--,--,--,--,--,--,--,--,--
SBI Banking & Financial Services Fund - Direct Plan,22.85,4/17,23.07,4/12,17.17,1/10,--,--,--,--
SBI BSE 100 ETF,16.97,48/121,19.95,26/97,13.0,6/60,--,--,--,--
SBI BSE PSU Bank ETF,--,--,--,--,--,--,--,--,--,--
SBI BSE PSU Bank Index Fund - Direct Plan,--,--,--,--,--,--,--,--,--,--
SBI BSE Sensex ETF,15.16,98/121,18.06,71/97,12.57,15/60,--,--,--,--
SBI BSE Sensex Index Fund - Direct Plan,--,--,--,--,--,--,--,--,--,--
SBI BSE Sensex Next 50 ETF,22.68,4/121,25.59,3/97,--,--,--,--,--,--
SBI Comma Fund - Direct Plan,19.86,18/25,23.05,9/14,15.76,2/9,--,--,--,--
SBI Consumption Opportunities Fund - Direct Plan,18.94,7/11,27.79,1/11,16.64,3/7,--,--,--,--
SBI Contra Fund - Direct Plan,24.19,--,32.82,--,16.55,--,--,--,--,--
SBI Dividend Yield Fund - Direct Plan,--,--,--,--,--,--,--,--,--,--
SBI ELSS Tax Saver Fund - Direct Plan,27.57,2/33,27.31,3/33,14.94,10/26,--,--,--,--
SBI Energy Opportunities Fund - Direct Plan,--,--,--,--,--,--,--,--,--,--
SBI Equity Minimum Variance Fund - Direct Plan,15.57,23/25,18.72,13/14,--,--,--,--,--,--
SBI ESG Exclusionary Strategy Fund - Direct Plan,15.88,7/9,19.15,2/3,12.92,1/1,--,--,--,--
SBI Flexicap Fund - Direct Plan,15.61,--,20.15,--,13.5,--,--,--,--,--
SBI Focused Fund - Direct Plan,18.09,--,21.1,--,15.53,--,--,--,--,--
SBI Healthcare Opportunities Fund - Direct Plan,29.22,--,25.27,--,12.97,--,--,--,--,--
SBI Infrastructure Fund - Direct Plan,27.7,14/19,29.35,16/19,16.2,11/19,--,--,--,--
SBI Innovative Opportunities Fund - Direct Plan,--,--,--,--,--,--,--,--,--,--
SBI Large Cap Fund - Direct Plan,17.08,40/78,20.35,25/57,13.22,11/42,--,--,--,--
SBI Large & Midcap Fund - Direct Plan,21.64,--,26.01,--,15.19,--,--,--,--,--
SBI Midcap Fund - Direct Plan,20.63,29/32,28.96,15/25,15.64,14/19,--,--,--,--
SBI MNC Fund - Direct Plan,11.37,2/2,16.7,1/2,11.36,1/2,--,--,--,--
SBI Multicap Fund - Direct Plan,21.27,11/14,--,--,--,--,--,--,--,--
SBI Nifty100 Low Volatility 30 Index Fund - Direct Plan,--,--,--,--,--,--,--,--,--,--
SBI Nifty200 Momentum 30 Index Fund - Direct Plan,--,--,--,--,--,--,--,--,--,--
SBI Nifty 200 Quality 30 ETF,14.82,34/34,17.5,24/24,--,--,--,--,--,--
SBI Nifty200 Quality 30 Index Fund - Direct Plan,--,--,--,--,--,--,--,--,--,--
SBI Nifty 500 Index Fund - Direct Plan,--,--,--,--,--,--,--,--,--,--
SBI Nifty 50 Equal Weight ETF,--,--,--,--,--,--,--,--,--,--
SBI Nifty50 Equal Weight Index Fund - Direct Plan,--,--,--,--,--,--,--,--,--,--
SBI Nifty 50 ETF,15.89,62/121,18.9,42/97,12.65,9/60,--,--,--,--
SBI Nifty Bank ETF,16.6,19/31,20.48,13/21,12.02,7/15,--,--,--,--
SBI Nifty Bank Index Fund - Direct Plan,--,--,--,--,--,--,--,--,--,--
SBI Nifty Consumption ETF,17.46,9/15,--,--,--,--,--,--,--,--
SBI Nifty Index Fund - Direct Plan,15.68,56/78,18.67,36/57,12.27,26/42,--,--,--,--
SBI Nifty India Consumption Index Fund - Direct Plan,--,--,--,--,--,--,--,--,--,--
SBI Nifty IT ETF,11.28,7/9,--,--,--,--,--,--,--,--
SBI Nifty IT Index Fund - Direct Plan,--,--,--,--,--,--,--,--,--,--
SBI Nifty Midcap 150 Index Fund - Direct Plan,--,--,--,--,--,--,--,--,--,--
SBI Nifty Next 50 ETF,19.97,12/121,21.37,15/97,13.58,3/60,--,--,--,--
SBI Nifty Next 50 Index Fund - Direct Plan,19.7,13/78,--,--,--,--,--,--,--,--
SBI Nifty Private Bank ETF,15.19,29/31,--,--,--,--,--,--,--,--
SBI Nifty Smallcap 250 Index Fund - Direct Plan,--,--,--,--,--,--,--,--,--,--
SBI PSU Fund - Direct Plan,37.15,2/3,31.24,2/3,13.58,2/2,--,--,--,--
SBI Quant Fund - Direct Plan,--,--,--,--,--,--,--,--,--,--
SBI Retirement Benefit Fund - Aggressive Plan - Direct Plan,17.59,49/64,--,--,--,--,--,--,--,--
SBI Small Cap Fund - Direct Plan,21.31,25/28,29.48,21/22,19.77,3/12,--,--,--,--
SBI Technology Opportunities Fund - Direct Plan,19.4,--,25.93,--,17.83,--,--,--,--,--
SBI US Specific Equity Active FoF - Direct Plan,20.88,16/56,--,--,--,--,--,--,--,--
Shriram ELSS Tax Saver Fund - Direct Plan,14.68,33/33,16.23,32/33,--,--,--,--,--,--
Shriram Flexi Cap Fund - Direct Plan,14.9,58/64,16.91,46/50,--,--,--,--,--,--
Shriram Multi Sector Rotation Fund - Direct Plan,--,--,--,--,--,--,--,--,--,--
Sundaram Business Cycle Fund - Direct Plan,--,--,--,--,--,--,--,--,--,--
Sundaram Consumption Fund - Direct Plan,19.32,5/11,21.1,10/11,14.73,6/7,--,--,--,--
Sundaram Diversified Equity Fund - Direct Plan,16.4,--,20.61,--,11.76,--,--,--,--,--
Sundaram Dividend Yield Fund - Direct Plan,19.5,6/6,21.75,4/4,14.82,2/3,--,--,--,--
Sundaram ELSS Tax Saver Fund - Direct Plan,18.02,28/33,21.92,24/33,13.17,17/26,--,--,--,--
Sundaram Financial Services Opportunities Fund - Direct Plan,23.93,2/17,24.33,2/12,14.84,3/10,--,--,--,--
Sundaram Flexi Cap Fund - Direct Plan,--,--,--,--,--,--,--,--,--,--
Sundaram Focused Fund - Direct Plan,17.81,47/64,20.59,29/50,13.88,19/32,--,--,--,--
Sundaram Global Brand Theme - Equity Active FoF - Direct Plan,18.23,29/56,14.52,11/31,11.13,9/26,--,--,--,--
Sundaram Infrastructure Advantage Fund - Direct Plan,26.17,15/19,29.11,17/19,14.19,17/19,--,--,--,--
Sundaram Large and Mid Cap Fund - Direct Plan,19.48,22/30,23.3,18/23,15.36,10/17,--,--,--,--
Sundaram Large Cap Fund - Direct Plan,16.17,44/78,18.58,42/57,12.73,16/42,--,--,--,--
Sundaram Mid Cap Fund - Direct Plan,27.44,9/32,29.47,13/25,15.5,15/19,--,--,--,--
Sundaram Multi Cap Fund - Direct Plan,20.68,12/14,24.1,--,15.1,--,--,--,--,--
Sundaram Multi-Factor Fund - Direct Plan,--,--,--,--,--,--,--,--,--,--
Sundaram Nifty 100 Equal Weight Fund - Direct Plan,18.9,29/78,21.99,7/57,11.68,40/42,--,--,--,--
Sundaram Services Fund - Direct Plan,22.61,--,27.51,--,--,--,--,--,--,--
Sundaram Small Cap Fund - Direct Plan,25.56,16/28,33.26,12/22,15.28,11/12,--,--,--,--
Tata Banking and Financial Services Fund - Direct Plan,23.68,3/17,22.39,7/12,--,--,--,--,--,--
Tata BSE Quality Index Fund - Direct Plan,--,--,--,--,--,--,--,--,--,--
Tata BSE Select Business Groups Index Fund - Direct Plan,--,--,--,--,--,--,--,--,--,--
Tata BSE Sensex Index Fund - Direct Plan,14.8,75/78,17.54,56/57,12.19,30/42,--,--,--,--
Tata Business Cycle Fund - Direct Plan,24.48,8/25,--,--,--,--,--,--,--,--
Tata Children's Fund - Direct Plan,17.48,50/64,20.35,--,12.36,--,--,--,--,--
Tata Digital India Fund - Direct Plan,16.9,2/2,26.03,1/1,--,--,--,--,--,--
Tata Dividend Yield Fund - Direct Plan,21.51,5/6,--,--,--,--,--,--,--,--
Tata ELSS Fund - Direct Plan,19.18,21/33,22.06,23/33,15.25,7/26,--,--,--,--
Tata Ethical Fund - Direct Plan,14.14,24/25,20.38,11/14,12.45,9/9,--,--,--,--
Tata Flexi Cap Fund - Direct Plan,19.47,30/64,20.13,36/50,--,--,--,--,--,--
Tata Focused Fund - Direct Plan,19.26,31/64,22.47,16/50,--,--,--,--,--,--
Tata Housing Opportunities Fund - Direct Plan,--,--,--,--,--,--,--,--,--,--
Tata India Consumer Fund - Direct Plan,21.23,1/11,23.13,5/11,--,--,--,--,--,--
Tata India Innovation Fund - Direct Plan,--,--,--,--,--,--,--,--,--,--
Tata India Pharma & Healthcare Fund - Direct Plan,25.61,3/8,23.31,2/7,--,--,--,--,--,--
Tata Infrastructure Fund - Direct Plan,25.06,16/19,31.79,13/19,15.51,14/19,--,--,--,--
Tata Large Cap Fund - Direct Plan,17.8,37/78,20.62,19/57,12.67,18/42,--,--,--,--
Tata Large & Mid Cap Fund - Direct Plan,19.73,21/30,22.14,22/23,14.51,11/17,--,--,--,--
Tata Mid Cap Fund - Direct Plan,24.27,19/32,28.27,17/25,16.46,10/19,--,--,--,--
Tata Multicap Fund - Direct Plan,--,--,--,--,--,--,--,--,--,--
Tata Nifty200 Alpha 30 Index Fund - Direct Plan,--,--,--,--,--,--,--,--,--,--
Tata Nifty500 Multicap India Manufacturing 50:30:20 Index Fund - Direct Plan,--,--,--,--,--,--,--,--,--,--
Tata Nifty500 Multicap Infrastructure 50:30:20 Index Fund - Direct Plan,--,--,--,--,--,--,--,--,--,--
Tata Nifty 50 Exchange Traded Fund,15.85,68/121,18.89,44/97,--,--,--,--,--,--
Tata Nifty 50 Index Fund - Direct Plan,15.61,63/78,18.61,40/57,12.31,25/42,--,--,--,--
Tata Nifty Auto Index Fund - Direct Plan,--,--,--,--,--,--,--,--,--,--
Tata Nifty Capital Markets Index Fund - Direct Plan,--,--,--,--,--,--,--,--,--,--
Tata Nifty Financial Services Index Fund - Direct Plan,--,--,--,--,--,--,--,--,--,--
Tata Nifty India Digital ETF,20.79,1/9,--,--,--,--,--,--,--,--
Tata Nifty India Digital ETF FoF - Direct Plan,19.2,1/2,--,--,--,--,--,--,--,--
Tata Nifty India Tourism Index Fund - Direct Plan,--,--,--,--,--,--,--,--,--,--
Tata Nifty Midcap 150 Index Fund - Direct Plan,--,--,--,--,--,--,--,--,--,--
Tata Nifty Midcap 150 Momentum 50 Index Fund - Direct Plan,--,--,--,--,--,--,--,--,--,--
Tata Nifty MidSmall Healthcare Index Fund - Direct Plan,--,--,--,--,--,--,--,--,--,--
Tata Nifty Private Bank ETF,15.1,31/31,17.8,19/21,--,--,--,--,--,--
Tata Nifty Realty Index Fund - Direct Plan,--,--,--,--,--,--,--,--,--,--
Tata Resources & Energy Fund - Direct Plan,23.25,1/1,26.01,1/1,--,--,--,--,--,--
Tata Retirement Savings Fund - Progressive Plan - Direct Plan,20.12,28/64,19.21,41/50,14.88,8/32,--,--,--,--
Tata Small Cap Fund - Direct Plan,27.99,9/28,35.27,6/22,--,--,--,--,--,--
Tata Value Fund - Direct Plan,23.89,9/19,23.48,12/14,15.79,6/11,--,--,--,--
Taurus Banking & Financial Services Fund - Direct Plan,19.13,12/17,20.04,11/12,13.0,7/10,--,--,--,--
Taurus ELSS Tax Saver Fund - Direct Plan,20.96,14/33,20.59,28/33,13.57,16/26,--,--,--,--
Taurus Ethical Fund - Direct Plan,17.65,21/25,20.35,12/14,12.98,6/9,--,--,--,--
Taurus Flexi Cap Fund - Direct Plan,16.4,55/64,18.02,44/50,9.13,32/32,--,--,--,--
Taurus Infrastructure Fund - Direct Plan,22.4,19/19,24.81,19/19,14.27,16/19,--,--,--,--
Taurus Large Cap Fund - Direct Plan,16.65,43/78,17.89,50/57,9.64,42/42,--,--,--,--
Taurus Mid Cap Fund - Direct Plan,21.36,28/32,23.92,24/25,15.04,17/19,--,--,--,--
Taurus Nifty 50 Index Fund - Direct Plan,14.72,77/78,18.19,48/57,12.09,33/42,--,--,--,--
Templeton India Value Fund - Direct Plan,22.8,13/19,29.44,2/14,14.95,7/11,--,--,--,--
TRUSTMF Flexi Cap Fund - Direct Plan,--,--,--,--,--,--,--,--,--,--
TRUSTMF Multi Cap Fund - Direct Plan,--,--,--,--,--,--,--,--,--,--
TRUSTMF Small Cap Fund - Direct Plan,--,--,--,--,--,--,--,--,--,--
Unifi Flexi Cap Fund - Direct Plan,--,--,--,--,--,--,--,--,--,--
Union Active Momentum Fund - Direct Plan,--,--,--,--,--,--,--,--,--,--
Union Business Cycle Fund - Direct Plan,--,--,--,--,--,--,--,--,--,--
Union Children's Fund - Direct Plan,--,--,--,--,--,--,--,--,--,--
Union ELSS Tax Saver Fund - Direct Plan,18.93,22/33,22.4,19/33,12.79,23/26,--,--,--,--
Union Flexi Cap Fund - Direct Plan,19.08,33/64,22.18,19/50,13.22,22/32,--,--,--,--
Union Focused Fund - Direct Plan,15.39,57/64,19.72,38/50,--,--,--,--,--,--
Union Innovation & Opportunities Fund - Direct Plan,--,--,--,--,--,--,--,--,--,--
Union Largecap Fund - Direct Plan,15.67,58/78,18.2,47/57,--,--,--,--,--,--
Union Large & Midcap Fund - Direct Plan,19.25,23/30,22.64,20/23,--,--,--,--,--,--
Union Midcap Fund - Direct Plan,23.16,23/32,30.06,11/25,--,--,--,--,--,--
Union Multicap Fund - Direct Plan,--,--,--,--,--,--,--,--,--,--
Union Retirement Fund - Direct Plan,--,--,--,--,--,--,--,--,--,--
Union Small Cap Fund - Direct Plan,21.61,23/28,31.21,19/22,15.58,10/12,--,--,--,--
Union Value Fund - Direct Plan,21.8,14/19,23.58,11/14,--,--,--,--,--,--
UTI Banking and Financial Services Fund - Direct Plan,21.34,9/17,22.71,6/12,12.23,9/10,--,--,--,--
UTI BSE Housing Index Fund - Direct Plan,--,--,--,--,--,--,--,--,--,--
UTI BSE Low Volatility Index Fund - Direct Plan,17.24,29/30,--,--,--,--,--,--,--,--
UTI BSE Sensex ETF,15.16,97/121,18.06,70/97,--,--,--,--,--,--
UTI BSE Sensex Index Fund - Direct Plan,14.92,74/78,--,--,--,--,--,--,--,--
UTI BSE Sensex Next 50 ETF,22.74,3/121,25.56,4/97,--,--,--,--,--,--
UTI Children's Equity Fund - Direct Plan,15.94,56/64,20.02,37/50,13.0,23/32,--,--,--,--
UTI Dividend Yield Fund - Direct Plan,22.31,4/6,23.2,3/4,14.42,3/3,--,--,--,--
UTI ELSS Tax Saver Fund - Direct Plan,16.28,32/33,20.37,29/33,12.95,21/26,--,--,--,--
UTI Flexi Cap Fund - Direct Plan,13.8,61/64,18.64,43/50,12.86,25/32,--,--,--,--
UTI Focused Fund - Direct Plan,18.09,44/64,--,--,--,--,--,--,--,--
UTI Healthcare Fund - Direct Plan,27.44,2/8,22.99,4/7,13.01,2/2,--,--,--,--
UTI India Consumer Fund - Direct Plan,15.49,11/11,18.05,11/11,11.43,7/7,--,--,--,--
UTI Infrastructure Fund - Direct Plan,23.83,17/19,26.74,18/19,12.6,18/19,--,--,--,--
UTI Innovation Fund - Direct Plan,--,--,--,--,--,--,--,--,--,--
UTI Large Cap Fund - Direct Plan,15.29,70/78,19.06,28/57,12.33,24/42,--,--,--,--
UTI Large & Mid Cap Fund - Direct Plan,24.43,4/30,27.4,5/23,14.23,13/17,--,--,--,--
UTI Mid Cap Fund - Direct Plan,20.35,30/32,26.53,21/25,15.03,18/19,--,--,--,--
UTI MNC Fund - Direct Plan,14.11,1/2,16.09,2/2,10.63,2/2,--,--,--,--
UTI Multi Cap Fund - Direct Plan,--,--,--,--,--,--,--,--,--,--
UTI Nifty200 Momentum 30 Index Fund - Direct Plan,22.02,12/30,--,--,--,--,--,--,--,--
UTI Nifty200 Quality 30 Index Fund - Direct Plan,--,--,--,--,--,--,--,--,--,--
UTI Nifty 500 Value 50 Index Fund - Direct Plan,--,--,--,--,--,--,--,--,--,--
UTI NIFTY50 Equal Weight Index Fund - Direct Plan,--,--,--,--,--,--,--,--,--,--
UTI Nifty 50 ETF,15.9,60/121,18.91,41/97,--,--,--,--,--,--
UTI Nifty 50 Index Fund - Direct Plan,15.7,54/78,18.72,32/57,12.43,21/42,--,--,--,--
UTI Nifty Alpha Low-Volatility 30 Index Fund - Direct Plan,--,--,--,--,--,--,--,--,--,--
UTI Nifty Bank ETF,16.7,16/31,--,--,--,--,--,--,--,--
UTI Nifty India Manufacturing Index Fund - Direct Plan,--,--,--,--,--,--,--,--,--,--
UTI Nifty IT ETF,--,--,--,--,--,--,--,--,--,--
UTI Nifty Midcap 150 ETF,--,--,--,--,--,--,--,--,--,--
UTI Nifty Midcap 150 Index Fund - Direct Plan,--,--,--,--,--,--,--,--,--,--
UTI Nifty Midcap 150 Quality 50 Index Fund - Direct Plan,16.51,32/32,--,--,--,--,--,--,--,--
UTI Nifty Midsmallcap 400 Momentum Quality 100 Index Fund - Direct Plan,--,--,--,--,--,--,--,--,--,--
UTI Nifty Next 50 Exchange Traded Fund,20.05,9/121,21.49,11/97,--,--,--,--,--,--
UTI Nifty Next 50 Index Fund - Direct Plan,19.74,12/78,21.14,11/57,--,--,--,--,--,--
UTI Nifty Private Bank Index Fund - Direct Plan,--,--,--,--,--,--,--,--,--,--
UTI Quant Fund - Direct Plan,--,--,--,--,--,--,--,--,--,--
UTI Small Cap Fund - Direct Plan,23.32,21/28,--,--,--,--,--,--,--,--
UTI Transportation and Logistics Fund - Direct Plan,22.97,11/25,28.18,5/14,12.91,8/9,--,--,--,--
UTI Value Fund - Direct Plan,21.53,15/19,23.73,10/14,14.11,9/11,--,--,--,--
WhiteOak Capital Banking & Financial Services Fund - Direct Plan,--,--,--,--,--,--,--,--,--,--
WhiteOak Capital Digital Bharat Fund - Direct Plan,--,--,--,--,--,--,--,--,--,--
WhiteOak Capital ELSS Tax Saver Fund - Direct Plan,--,--,--,--,--,--,--,--,--,--
WhiteOak Capital ESG Best-In-Class Strategy Fund - Direct Plan,--,--,--,--,--,--,--,--,--,--
WhiteOak Capital Flexi Cap Fund - Direct Plan,--,--,--,--,--,--,--,--,--,--
WhiteOak Capital Large Cap Fund - Direct Plan,--,--,--,--,--,--,--,--,--,--
WhiteOak Capital Large & Mid Cap Fund - Direct Plan,--,--,--,--,--,--,--,--,--,--
WhiteOak Capital Mid Cap Fund - Direct Plan,--,--,--,--,--,--,--,--,--,--
WhiteOak Capital Multi Cap Fund - Direct Plan,--,--,--,--,--,--,--,--,--,--
WhiteOak Capital Pharma and Healthcare Fund - Direct Plan,--,--,--,--,--,--,--,--,--,--
WhiteOak Capital Quality Equity Fund - Direct Plan,--,--,--,--,--,--,--,--,--,--
WhiteOak Capital Special Opportunities Fund - Direct Plan,--,--,--,--,--,--,--,--,--,--
Zerodha ELSS Tax Saver Nifty Large Midcap 250 Index Fund - Direct Plan,--,--,--,--,--,--,--,--,--,--
Zerodha Nifty 100 ETF,--,--,--,--,--,--,--,--,--,--
Zerodha Nifty Large Midcap 250 Index Fund - Direct Plan,--,--,--,--,--,--,--,--,--,--
Zerodha Nifty Midcap 150 ETF,--,--,--,--,--,--,--,--,--,--
