Funds,Fund Risk Grade,Fund Return Grade,Riskometer,Standard Deviation,Sharpe Ratio,Sortino Ratio,Beta,Alpha,Information Ratio,R-Squared
360 ONE ELSS Tax Saver Nifty 50 Index Fund - Direct Plan,--,--,Very High,--,--,--,--,--,--,--
360 ONE FlexiCap Fund - Direct Plan,--,--,Very High,--,--,--,--,--,--,--
360 ONE Focused Fund - Direct Plan,Below Average,Above Average,Very High,12.85,1.22,1.91,0.88,3.09,0.32,0.92
360 ONE Quant Fund - Direct Plan,--,--,Very High,17.26,1.43,2.01,1.18,7.59,1.87,0.92
Aditya Birla Sun Life Bal Bhavishya Yojna - Direct Plan,Above Average,Below Average,Very High,13.71,0.95,1.39,0.95,-0.66,-0.43,0.95
Aditya Birla Sun Life Banking & Financial Services Fund - Direct Plan,Above Average,Average,Very High,14.5,1.19,2.97,0.93,5.4,0.75,0.84
Aditya Birla Sun Life BSE 500 Momentum 50 Index Fund - Direct Plan,--,--,Very High,--,--,--,--,--,--,--
Aditya Birla Sun Life BSE 500 Quality 50 Index Fund - Direct Plan,--,--,Very High,--,--,--,--,--,--,--
Aditya Birla Sun Life BSE India Infrastructure Index Fund - Direct Plan,--,--,Very High,--,--,--,--,--,--,--
Aditya Birla Sun Life BSE Sensex ETF,--,--,Very High,12.27,0.89,1.45,0.91,-1.1,-0.99,0.97
Aditya Birla Sun Life Business Cycle Fund - Direct Plan,--,--,Very High,13.75,0.99,1.58,0.96,-0.2,-0.28,0.96
Aditya Birla Sun Life Conglomerate Fund - Direct Plan,--,--,Very High,--,--,--,--,--,--,--
Aditya Birla Sun Life Digital India Fund - Direct Plan,--,--,Very High,16.52,0.72,1.27,0.86,5.56,1.02,0.96
Aditya Birla Sun Life Dividend Yield Fund - Direct Plan,--,--,Very High,14.69,1.3,1.95,0.97,5.13,0.82,0.85
Aditya Birla Sun Life ELSS Tax Saver - Direct Plan,Above Average,Low,Very High,13.32,0.93,1.51,0.93,-1.01,-0.76,0.97
Aditya Birla Sun Life ESG Integration Strategy Fund - Direct Plan,--,--,Very High,14.01,0.96,1.43,0.97,0.7,0.05,0.85
Aditya Birla Sun Life Flexi Cap Fund - Direct Plan,Above Average,Average,Very High,13.28,1.17,1.83,0.93,2.12,0.48,0.97
Aditya Birla Sun Life Focused Fund - Direct Plan,Average,Average,Very High,12.77,1.13,2.0,0.89,1.62,0.02,0.96
Aditya Birla Sun Life Global Emerging Opportunities Fund - Direct Plan,--,--,Very High,14.7,0.57,0.86,--,--,--,--
Aditya Birla Sun Life Global Excellence Equity FoF - Direct Plan,--,--,Very High,14.73,0.96,1.42,--,--,--,--
Aditya Birla Sun Life India GenNext Fund - Direct Plan,Above Average,Below Average,Very High,14.31,1.02,1.51,0.79,1.16,-0.42,0.9
Aditya Birla Sun Life Infrastructure Fund - Direct Plan,High,Below Average,Very High,17.0,1.39,1.81,0.59,6.93,-0.34,0.71
Aditya Birla Sun Life International Equity Fund - Direct Plan,--,--,Very High,14.47,0.6,1.08,--,--,--,--
Aditya Birla Sun Life Large Cap Fund - Direct Plan,Below Average,Average,Very High,12.68,1.1,1.69,0.95,1.51,0.54,0.99
Aditya Birla Sun Life Large & Mid Cap Fund - Direct Plan,High,Low,Very High,14.73,0.91,1.24,1.01,-0.55,-0.09,0.89
Aditya Birla Sun Life Manufacturing Equity Fund - Direct Plan,--,--,Very High,16.06,1.03,1.49,1.07,0.96,0.36,0.88
Aditya Birla Sun Life Mid Cap Fund - Direct Plan,Above Average,Below Average,Very High,15.92,1.11,1.77,0.93,-2.19,-0.77,0.92
Aditya Birla Sun Life MNC Fund - Direct Plan,--,--,Very High,14.64,0.74,1.21,0.91,-2.19,-0.48,0.76
Aditya Birla Sun Life Multi-Cap Fund - Direct Plan,Average,Below Average,Very High,14.0,1.12,1.43,0.9,-0.25,-0.55,0.94
Aditya Birla Sun Life NASDAQ 100 FOF - Direct Plan,--,--,Very High,17.71,1.13,1.92,--,--,--,--
Aditya Birla Sun Life Nifty 200 Momentum 30 ETF,--,--,Very High,--,--,--,--,--,--,--
Aditya Birla Sun Life Nifty 200 Quality 30 ETF,--,--,Very High,--,--,--,--,--,--,--
Aditya Birla Sun Life Nifty 50 Equal Weight Index Fund - Direct Plan,Above Average,Above Average,Very High,14.16,1.07,1.61,1.04,1.53,0.61,0.95
Aditya Birla Sun Life Nifty 50 ETF,--,--,Very High,12.7,0.92,1.45,0.95,-0.76,-0.92,0.99
Aditya Birla Sun Life Nifty 50 Index Fund - Direct Plan,Average,Below Average,Very High,12.68,0.9,1.42,0.95,-0.99,-1.07,0.99
Aditya Birla Sun Life Nifty Bank ETF,--,--,Very High,14.33,0.94,1.83,0.99,0.77,0.35,0.98
Aditya Birla Sun Life Nifty Healthcare ETF,--,--,Very High,16.55,1.07,1.78,1.02,-2.34,-0.64,0.97
Aditya Birla Sun Life Nifty India Defence Index Fund - Direct Plan,--,--,Very High,--,--,--,--,--,--,--
Aditya Birla Sun Life Nifty IT ETF,--,--,Very High,19.04,0.44,0.79,1.0,0.99,0.46,0.99
Aditya Birla Sun Life Nifty Midcap 150 Index Fund - Direct Plan,Above Average,Average,Very High,16.47,1.32,1.84,1.0,0.34,0.26,0.99
Aditya Birla Sun Life Nifty Next 50 ETF,--,--,Very High,18.98,0.92,1.31,1.3,0.37,0.49,0.83
Aditya Birla Sun Life Nifty Next 50 Index Fund - Direct Plan,High,Above Average,Very High,19.0,0.89,1.28,1.3,-0.09,0.43,0.83
Aditya Birla Sun Life Nifty PSE ETF,--,--,Very High,--,--,--,--,--,--,--
Aditya Birla Sun Life Nifty Smallcap 50 Index Fund - Direct Plan,High,Average,Very High,19.97,1.24,2.01,1.02,2.24,0.56,0.94
Aditya Birla Sun Life Pharma & Healthcare Fund - Direct Plan,High,Below Average,Very High,15.84,1.12,1.87,0.97,-1.29,-0.54,0.95
Aditya Birla Sun Life PSU Equity Fund - Direct Plan,--,--,Very High,21.61,1.32,2.36,0.96,-0.48,-0.44,0.97
Aditya Birla Sun Life Quant Fund - Direct Plan,--,--,Very High,--,--,--,--,--,--,--
Aditya Birla Sun Life Retirement Fund - The 30s Plan - Direct Plan,Above Average,Below Average,Very High,14.03,0.98,1.47,0.95,-0.01,-0.16,0.91
Aditya Birla Sun Life Small Cap Fund - Direct Plan,High,Low,Very High,17.66,1.01,1.48,0.9,-2.0,-0.91,0.94
Aditya Birla Sun Life Special Opportunities Fund - Direct Plan,--,--,Very High,14.28,1.14,1.97,0.99,1.99,0.51,0.94
Aditya Birla Sun Life Transportation and Logistics Fund - Direct Plan,--,--,Very High,--,--,--,--,--,--,--
Aditya Birla Sun Life Value Fund - Direct Plan,High,Average,Very High,16.52,1.21,1.85,1.1,4.05,0.91,0.87
Angel One Nifty 50 ETF,--,--,Very High,--,--,--,--,--,--,--
Angel One Nifty 50 Index Fund - Direct Plan,--,--,Very High,--,--,--,--,--,--,--
Angel One Nifty Total Market ETF,--,--,Very High,--,--,--,--,--,--,--
Angel One Nifty Total Market Index Fund - Direct Plan,--,--,Very High,--,--,--,--,--,--,--
Axis BSE Sensex ETF,--,--,Very High,--,--,--,--,--,--,--
Axis BSE Sensex Index Fund - Direct Plan,--,--,Very High,--,--,--,--,--,--,--
Axis Business Cycles Fund - Direct Plan,--,--,Very High,--,--,--,--,--,--,--
Axis Consumption Fund - Direct Plan,--,--,Very High,--,--,--,--,--,--,--
Axis ELSS Tax Saver Fund - Direct Plan,High,Low,Very High,14.77,0.88,1.52,0.95,-0.84,-0.24,0.82
Axis ESG Integration Strategy Fund - Direct Plan,--,--,Very High,13.5,0.88,1.35,0.91,-0.07,-0.2,0.81
Axis Flexi Cap Fund - Direct Plan,Above Average,Below Average,Very High,14.14,0.96,1.33,0.96,-0.2,-0.18,0.9
Axis Focused Fund - Direct Plan,High,Low,Very High,15.02,0.69,1.1,0.97,-3.7,-0.65,0.82
Axis Global Equity Alpha FoF - Direct Plan,--,--,Very High,13.51,1.03,1.52,--,--,--,--
Axis Global Innovation FoF - Direct Plan,--,--,Very High,16.85,0.91,1.48,--,--,--,--
Axis Greater China Equity FoF - Direct Plan,--,--,Very High,25.52,-0.04,-0.08,--,--,--,--
Axis India Manufacturing Fund - Direct Plan,--,--,Very High,--,--,--,--,--,--,--
Axis Innovation Fund - Direct Plan,--,--,Very High,13.27,1.05,1.44,0.84,1.92,-0.07,0.78
Axis Large Cap Fund - Direct Plan,Above Average,Low,Very High,12.78,0.84,1.29,0.93,-1.45,-0.68,0.93
Axis Large & Mid Cap Fund - Direct Plan,Average,Average,Very High,13.67,1.21,1.76,0.88,4.46,0.42,0.79
Axis Midcap Fund - Direct Plan,Average,Below Average,Very High,15.12,1.2,1.6,0.86,-0.11,-0.51,0.86
Axis Momentum Fund - Direct Plan,--,--,Very High,--,--,--,--,--,--,--
Axis Multicap Fund - Direct Plan,Average,Above Average,Very High,14.38,1.44,1.85,0.91,4.5,0.71,0.92
Axis Multi Factor Passive FoF - Direct Plan,Above Average,Below Average,Very High,13.97,0.84,1.18,0.98,-2.49,-1.22,0.97
Axis NASDAQ 100 FoF - Direct Plan,--,--,Very High,--,--,--,--,--,--,--
Axis Nifty 100 Index Fund - Direct Plan,Above Average,Average,Very High,13.51,0.89,1.41,1.01,-1.28,-1.08,0.99
Axis Nifty 500 Index Fund - Direct Plan,--,--,Very High,--,--,--,--,--,--,--
Axis Nifty500 Momentum 50 Index Fund - Direct Plan,--,--,Very High,--,--,--,--,--,--,--
Axis Nifty500 Value 50 ETF,--,--,Very High,--,--,--,--,--,--,--
Axis Nifty500 Value 50 Index Fund - Direct Plan,--,--,Very High,--,--,--,--,--,--,--
Axis Nifty 50 ETF,--,--,Very High,12.68,0.92,1.45,0.95,-0.76,-0.92,0.99
Axis Nifty 50 Index Fund - Direct Plan,Average,Average,Very High,12.64,0.91,1.44,0.95,-0.88,-1.01,0.99
Axis Nifty Bank ETF,--,--,Very High,14.33,0.93,1.82,0.99,0.74,0.34,0.98
Axis Nifty Bank Index Fund - Direct Plan,--,--,Very High,--,--,--,--,--,--,--
Axis NIFTY Healthcare ETF,--,--,Very High,16.47,1.06,1.74,1.01,-2.6,-0.77,0.97
Axis NIFTY India Consumption ETF,--,--,Very High,15.79,0.92,1.3,0.86,0.03,-0.39,0.88
Axis NIFTY IT ETF,--,--,Very High,19.0,0.45,0.8,1.0,1.05,0.48,0.99
Axis Nifty IT Index Fund - Direct Plan,--,--,Very High,--,--,--,--,--,--,--
Axis Nifty Midcap 50 Index Fund - Direct Plan,Above Average,Above Average,Very High,16.99,1.37,1.9,1.02,1.59,0.54,0.96
Axis Nifty Next 50 Index Fund - Direct Plan,Above Average,Above Average,Very High,18.89,0.91,1.3,1.29,0.23,0.46,0.83
Axis Nifty Smallcap 50 Index Fund - Direct Plan,High,Above Average,Very High,19.83,1.24,2.02,1.01,2.2,0.51,0.94
Axis Quant Fund - Direct Plan,--,--,Very High,14.34,0.97,1.34,0.97,-0.1,-0.12,0.9
Axis Services Opportunities Fund - Direct Plan,--,--,Very High,--,--,--,--,--,--,--
Axis Small Cap Fund - Direct Plan,Low,Below Average,Very High,14.22,1.28,1.66,0.72,2.31,-0.59,0.93
Axis Value Fund - Direct Plan,Average,Above Average,Very High,14.53,1.44,2.06,0.99,6.7,1.56,0.92
Bajaj Finserv Consumption Fund - Direct Plan,--,--,Very High,--,--,--,--,--,--,--
Bajaj Finserv ELSS Tax Saver Fund - Direct Plan,--,--,Very High,--,--,--,--,--,--,--
Bajaj Finserv Flexi Cap Fund - Direct Plan,--,--,Very High,--,--,--,--,--,--,--
Bajaj Finserv Healthcare Fund - Direct Plan,--,--,Very High,--,--,--,--,--,--,--
Bajaj Finserv Large and Mid Cap Fund - Direct Plan,--,--,Very High,--,--,--,--,--,--,--
Bajaj Finserv Large Cap Fund - Direct Plan,--,--,Very High,--,--,--,--,--,--,--
Bajaj Finserv Multi Cap Fund - Direct Plan,--,--,Very High,--,--,--,--,--,--,--
Bajaj Finserv Nifty 50 ETF,--,--,Very High,--,--,--,--,--,--,--
Bajaj Finserv Nifty 50 Index Fund - Direct Plan,--,--,Very High,--,--,--,--,--,--,--
Bajaj Finserv Nifty Bank ETF,--,--,Very High,--,--,--,--,--,--,--
Bajaj Finserv Nifty Next 50 Index Fund - Direct Plan,--,--,Very High,--,--,--,--,--,--,--
Bajaj Finserv Small Cap Fund - Direct Plan,--,--,Very High,--,--,--,--,--,--,--
Bandhan BSE Healthcare Index Fund - Direct Plan,--,--,Very High,--,--,--,--,--,--,--
Bandhan BSE Sensex ETF,--,--,Very High,12.26,0.86,1.41,0.91,-1.39,-1.12,0.97
Bandhan Business Cycle Fund - Direct Plan,--,--,Very High,--,--,--,--,--,--,--
Bandhan ELSS Tax Saver Fund - Direct Plan,Below Average,Above Average,Very High,12.27,1.18,1.75,0.85,2.2,0.02,0.95
Bandhan Financial Services Fund - Direct Plan,--,--,Very High,--,--,--,--,--,--,--
Bandhan Flexi Cap Fund - Direct Plan,Average,Average,Very High,12.79,1.11,1.7,0.88,1.64,-0.04,0.92
Bandhan Focused Fund - Direct Plan,Average,Average,Very High,14.58,1.16,1.65,0.91,3.78,0.35,0.77
Bandhan Infrastructure Fund - Direct Plan,Above Average,Above Average,Very High,19.68,1.42,1.85,0.69,8.48,-0.02,0.72
Bandhan Innovation Fund - Direct Plan,--,--,Very High,--,--,--,--,--,--,--
Bandhan Large Cap Fund - Direct Plan,Below Average,Average,Very High,13.8,1.08,1.66,1.01,1.6,0.55,0.95
Bandhan Large & Mid Cap Fund - Direct Plan,Below Average,High,Very High,13.98,1.56,2.17,0.95,8.58,1.68,0.89
Bandhan Midcap Fund - Direct Plan,--,--,Very High,--,--,--,--,--,--,--
Bandhan Multi Cap Fund - Direct Plan,Below Average,Average,Very High,13.26,1.33,1.94,0.86,2.24,-0.06,0.97
Bandhan Multi-Factor Fund - Direct Plan,--,--,Very High,--,--,--,--,--,--,--
Bandhan Nifty 100 Index Fund - Direct Plan,Above Average,Average,Very High,13.51,0.89,1.41,1.01,-1.22,-1.02,0.99
Bandhan Nifty100 Low Volatility 30 Index Fund - Direct Plan,--,--,Very High,--,--,--,--,--,--,--
Bandhan Nifty200 Momentum 30 Index Fund - Direct Plan,--,--,Very High,--,--,--,--,--,--,--
Bandhan Nifty 200 Quality 30 Index Fund - Direct Plan,--,--,Very High,--,--,--,--,--,--,--
Bandhan Nifty 500 Momentum 50 Index Fund - Direct Plan,--,--,Very High,--,--,--,--,--,--,--
Bandhan Nifty 500 Value 50 Index Fund - Direct Plan,--,--,Very High,--,--,--,--,--,--,--
Bandhan Nifty 50 ETF,--,--,Very High,12.68,0.92,1.45,0.95,-0.78,-0.93,0.99
Bandhan Nifty 50 Index Fund - Direct Plan,Average,Average,Very High,12.7,0.91,1.44,0.95,-0.91,-1.02,0.99
Bandhan Nifty Alpha 50 Index Fund - Direct Plan,--,--,Very High,--,--,--,--,--,--,--
Bandhan Nifty Alpha Low Volatility 30 Index Fund - Direct Plan,--,--,Very High,--,--,--,--,--,--,--
Bandhan Nifty Bank Index Fund - Direct Plan,--,--,Very High,--,--,--,--,--,--,--
Bandhan Nifty IT Index Fund - Direct Plan,--,--,Very High,--,--,--,--,--,--,--
Bandhan Nifty Midcap 150 Index Fund - Direct Plan,--,--,Very High,--,--,--,--,--,--,--
Bandhan Nifty Next 50 Index Fund - Direct Plan,--,--,Very High,--,--,--,--,--,--,--
Bandhan Nifty Smallcap 250 Index Fund - Direct Plan,--,--,Very High,--,--,--,--,--,--,--
Bandhan Nifty Total Market Index Fund - Direct Plan,--,--,Very High,--,--,--,--,--,--,--
Bandhan Small Cap Fund - Direct Plan,Average,High,Very High,17.83,1.53,2.31,0.9,7.38,1.01,0.93
Bandhan Transportation and Logistics Fund - Direct Plan,--,--,Very High,--,--,--,--,--,--,--
Bandhan US Equity FoF - Direct Plan,--,--,Very High,17.04,1.16,1.87,--,--,--,--
Bandhan Value Fund - Direct Plan,Average,Above Average,Very High,12.55,1.32,1.94,0.86,4.12,0.52,0.92
Bank of India Business Cycle Fund - Direct Plan,--,--,Very High,--,--,--,--,--,--,--
Bank of India Consumption Fund - Direct Plan,--,--,Very High,--,--,--,--,--,--,--
Bank of India ELSS Tax Saver Fund - Direct Plan,Above Average,Above Average,Very High,16.71,1.06,1.46,1.09,1.97,0.48,0.84
Bank of India Flexi Cap Fund - Direct Plan,High,High,Very High,17.53,1.19,1.7,1.12,4.69,0.82,0.81
Bank of India Large Cap Fund - Direct Plan,Above Average,Average,Very High,14.93,0.98,1.47,1.07,0.56,0.32,0.91
Bank of India Large & Mid Cap Fund - Direct Plan,High,Below Average,Very High,15.13,1.08,1.58,1.04,1.95,0.55,0.91
Bank of India Manufacturing & Infrastructure Fund - Direct Plan,Below Average,Average,Very High,16.75,1.42,1.84,0.56,7.95,-0.31,0.66
Bank of India Mid Cap Fund - Direct Plan,--,--,Very High,--,--,--,--,--,--,--
Bank of India Multi Cap Fund - Direct Plan,--,--,Very High,--,--,--,--,--,--,--
Bank of India Small Cap Fund - Direct Plan,Average,Average,Very High,17.96,1.17,1.5,0.9,1.16,-0.19,0.9
Baroda BNP Paribas Aqua FoF - Direct Plan,--,--,Very High,18.38,0.57,1.19,--,--,--,--
Baroda BNP Paribas Banking and Financial Services Fund - Direct Plan,Average,Below Average,Very High,14.07,1.24,2.74,0.92,5.82,0.92,0.87
Baroda BNP Paribas Business Cycle Fund - Direct Plan,--,--,Very High,14.8,1.09,1.49,1.02,1.31,0.48,0.94
Baroda BNP Paribas Children's Fund - Direct Plan,--,--,Very High,--,--,--,--,--,--,--
Baroda BNP Paribas Dividend Yield Fund - Direct Plan,--,--,Very High,--,--,--,--,--,--,--
Baroda BNP Paribas ELSS Tax Saver Fund - Direct Plan,Average,Average,Very High,13.98,1.18,1.64,0.94,2.86,0.45,0.9
Baroda BNP Paribas Energy Opportunities Fund - Direct Plan,--,--,Very High,--,--,--,--,--,--,--
Baroda BNP Paribas Flexi Cap Fund - Direct Plan,--,--,Very High,--,--,--,--,--,--,--
Baroda BNP Paribas Focused Fund - Direct Plan,Above Average,Average,Very High,15.15,0.96,1.2,1.01,-0.11,0.01,0.88
Baroda BNP Paribas Health and Wellness Fund - Direct Plan,--,--,Very High,--,--,--,--,--,--,--
Baroda BNP Paribas India Consumption Fund - Direct Plan,Below Average,Average,Very High,14.49,1.02,1.4,0.8,1.26,-0.38,0.91
Baroda BNP Paribas Innovation Fund - Direct Plan,--,--,Very High,--,--,--,--,--,--,--
Baroda BNP Paribas Large Cap Fund - Direct Plan,Below Average,Above Average,Very High,13.0,1.14,1.68,0.96,2.25,0.58,0.95
Baroda BNP Paribas Large & Mid Cap Fund - Direct Plan,Above Average,Average,Very High,14.61,1.23,1.56,0.98,4.43,0.75,0.86
Baroda BNP Paribas Manufacturing Fund - Direct Plan,--,--,Very High,--,--,--,--,--,--,--
Baroda BNP Paribas Midcap Fund - Direct Plan,Below Average,Average,Very High,14.05,1.33,1.78,0.84,0.83,-0.64,0.95
Baroda BNP Paribas Multi Cap Fund - Direct Plan,Above Average,Below Average,Very High,14.06,1.25,1.48,0.89,1.75,-0.06,0.91
Baroda BNP Paribas Nifty200 Momentum 30 Index Fund - Direct Plan,--,--,Very High,--,--,--,--,--,--,--
Baroda BNP Paribas NIFTY 50 Index Fund - Direct Plan,--,--,Very High,--,--,--,--,--,--,--
Baroda BNP Paribas Nifty Bank ETF,--,--,Very High,--,--,--,--,--,--,--
Baroda BNP Paribas Nifty Midcap 150 Index Fund - Direct Plan,--,--,Very High,--,--,--,--,--,--,--
Baroda BNP Paribas Small Cap Fund - Direct Plan,--,--,Very High,--,--,--,--,--,--,--
Baroda BNP Paribas Value Fund - Direct Plan,--,--,Very High,--,--,--,--,--,--,--
BHARAT 22 ETF,--,--,Very High,17.36,1.43,2.31,1.1,10.39,1.25,0.71
Canara Robeco Consumer Trends Fund - Direct Plan,Below Average,Above Average,Very High,14.37,1.17,1.84,0.79,3.4,-0.02,0.9
Canara Robeco ELSS Tax Saver Fund - Direct Plan,Average,Average,Very High,13.39,1.08,1.59,0.94,0.93,0.01,0.97
Canara Robeco Flexi Cap Fund - Direct Plan,Average,Average,Very High,13.04,1.1,1.6,0.91,1.15,-0.04,0.97
Canara Robeco Focused Fund - Direct Plan,Below Average,Above Average,Very High,13.1,1.3,1.8,0.9,4.05,0.65,0.92
Canara Robeco Infrastructure Fund - Direct Plan,Below Average,Average,Very High,18.26,1.37,1.99,0.6,8.2,-0.21,0.63
Canara Robeco Large and Mid Cap Fund - Direct Plan,Average,Average,Very High,14.25,1.11,1.46,0.97,2.34,0.42,0.89
Canara Robeco Large Cap Fund - Direct Plan,Low,Average,Very High,12.03,1.18,1.77,0.9,2.39,0.53,0.98
Canara Robeco Manufacturing Fund - Direct Plan,--,--,Very High,--,--,--,--,--,--,--
Canara Robeco Mid Cap Fund - Direct Plan,--,--,Very High,--,--,--,--,--,--,--
Canara Robeco Multi Cap Fund - Direct Plan,--,--,Very High,--,--,--,--,--,--,--
Canara Robeco Small Cap Fund - Direct Plan,Average,Average,Very High,15.91,1.05,1.35,0.81,-1.18,-1.0,0.94
Canara Robeco Value Fund - Direct Plan,Below Average,Average,Very High,13.39,1.33,1.85,0.93,4.36,1.1,0.95
Capitalmind Flexi Cap Fund - Direct Plan,--,--,Very High,--,--,--,--,--,--,--
CPSE ETF,--,--,Very High,21.37,1.47,2.23,0.9,4.11,0.12,0.87
DSP Banking & Financial Services Fund - Direct Plan,--,--,Very High,--,--,--,--,--,--,--
DSP BSE Sensex ETF,--,--,Very High,--,--,--,--,--,--,--
DSP BSE Sensex Next 30 ETF,--,--,Very High,--,--,--,--,--,--,--
DSP BSE Sensex Next 30 Index Fund - Direct Plan,--,--,Very High,--,--,--,--,--,--,--
DSP Business Cycle Fund - Direct Plan,--,--,Very High,--,--,--,--,--,--,--
DSP ELSS Tax Saver Fund - Direct Plan,Average,Above Average,Very High,13.64,1.32,2.13,0.94,4.41,0.99,0.93
DSP Flexi Cap Fund - Direct Plan,Average,Average,Very High,14.29,1.18,1.99,0.96,3.04,0.51,0.89
DSP Focused Fund - Direct Plan,Average,Average,Very High,14.44,1.2,2.24,0.94,3.72,0.48,0.83
DSP Global Clean Energy Fund of Fund - Direct Plan,--,--,Very High,20.3,0.32,0.63,--,--,--,--
DSP Global Innovation FoF - Direct Plan,--,--,Very High,19.4,1.04,2.05,--,--,--,--
DSP Healthcare Fund - Direct Plan,Below Average,Above Average,Very High,14.68,1.35,2.22,0.85,3.1,0.02,0.85
DSP India T.I.G.E.R. Fund - Direct Plan,Average,Average,Very High,18.08,1.4,1.88,0.61,8.26,-0.2,0.66
DSP Large Cap Fund - Direct Plan,Low,Above Average,Very High,12.18,1.35,2.45,0.88,4.87,0.88,0.92
DSP Large & Mid Cap Fund - Direct Plan,Below Average,Above Average,Very High,14.13,1.34,2.07,0.97,5.49,1.12,0.9
DSP Midcap Fund - Direct Plan,High,Low,Very High,16.88,1.06,1.61,0.99,-3.19,-0.72,0.92
DSP Multicap Fund - Direct Plan,--,--,Very High,--,--,--,--,--,--,--
DSP Natural Resources and New Energy Fund - Direct Plan,--,--,Very High,16.44,1.11,1.72,0.61,10.47,0.42,0.65
DSP NIFTY 50 Equal Weight ETF,--,--,Very High,14.18,1.09,1.64,1.04,1.81,0.7,0.95
DSP Nifty 50 Equal Weight Index Fund - Direct Plan,Average,High,Very High,14.18,1.08,1.62,1.04,1.66,0.65,0.95
DSP Nifty 50 ETF,--,--,Very High,12.67,0.92,1.45,0.95,-0.78,-0.94,0.99
DSP Nifty 50 Index Fund - Direct Plan,Average,Below Average,Very High,12.69,0.91,1.43,0.95,-0.95,-1.04,0.99
DSP Nifty Bank ETF,--,--,Very High,--,--,--,--,--,--,--
DSP Nifty Bank Index Fund - Direct Plan,--,--,Very High,--,--,--,--,--,--,--
DSP Nifty Healthcare ETF,--,--,Very High,--,--,--,--,--,--,--
DSP Nifty Healthcare Index Fund - Direct Plan,--,--,Very High,--,--,--,--,--,--,--
DSP Nifty IT ETF,--,--,Very High,--,--,--,--,--,--,--
DSP Nifty IT Index Fund - Direct Plan,--,--,Very High,--,--,--,--,--,--,--
DSP Nifty Midcap 150 Quality 50 ETF,--,--,Very High,15.2,0.84,1.25,0.88,-6.12,-1.69,0.9
DSP Nifty Midcap 150 Quality 50 Index Fund - Direct Plan,--,--,Very High,--,--,--,--,--,--,--
DSP Nifty Next 50 Index Fund - Direct Plan,High,Above Average,Very High,18.99,0.9,1.29,1.3,0.12,0.46,0.83
DSP Nifty Private Bank ETF,--,--,Very High,--,--,--,--,--,--,--
DSP Nifty Private Bank Index Fund - Direct Plan,--,--,Very High,--,--,--,--,--,--,--
DSP Nifty PSU Bank ETF,--,--,Very High,--,--,--,--,--,--,--
DSP Nifty Smallcap250 Quality 50 Index Fund - Direct Plan,--,--,Very High,--,--,--,--,--,--,--
DSP Nifty Top 10 Equal Weight ETF,--,--,Very High,--,--,--,--,--,--,--
DSP Nifty Top 10 Equal Weight Index Fund - Direct Plan,--,--,Very High,--,--,--,--,--,--,--
DSP Quant Fund - Direct Plan,--,--,Very High,13.48,0.74,1.28,0.9,-3.05,-0.92,0.88
DSP Small Cap Fund - Direct Plan,Above Average,Average,Very High,18.96,1.06,1.6,0.95,-0.93,-0.35,0.91
DSP US Flexible Equity Fund of Fund - Direct Plan,--,--,Very High,16.36,0.84,1.32,--,--,--,--
DSP Value Fund - Direct Plan,Low,Below Average,Very High,10.76,1.43,2.24,0.68,5.61,0.14,0.78
DSP World Gold FoF - Direct Plan,--,--,Very High,26.95,0.82,1.65,--,--,--,--
DSP World Mining Fund of Fund - Direct Plan,--,--,Very High,21.09,0.21,0.42,--,--,--,--
Edelweiss ASEAN Equity Off-shore Fund - Direct Plan,--,--,Very High,12.03,0.37,0.73,--,--,--,--
Edelweiss BSE Capital Markets & Insurance ETF,--,--,Very High,--,--,--,--,--,--,--
Edelweiss BSE Internet Economy Index Fund - Direct Plan,--,--,Very High,--,--,--,--,--,--,--
Edelweiss Business Cycle Fund - Direct Plan,--,--,Very High,--,--,--,--,--,--,--
Edelweiss Consumption Fund - Direct Plan,--,--,Very High,--,--,--,--,--,--,--
Edelweiss ELSS Tax Saver Fund - Direct Plan,Average,Average,Very High,13.67,1.15,1.59,0.95,2.02,0.43,0.95
Edelweiss Emerging Markets Opportunities Equity Offshore Fund - Direct Plan,--,--,Very High,15.63,0.3,0.49,--,--,--,--
Edelweiss Europe Dynamic Equity Offshore Fund - Direct Plan,--,--,Very High,15.12,1.12,2.06,--,--,--,--
Edelweiss Flexi Cap Fund - Direct Plan,Average,Above Average,Very High,14.11,1.26,1.76,0.98,3.63,1.01,0.95
Edelweiss Focused Fund - Direct Plan,--,--,Very High,--,--,--,--,--,--,--
Edelweiss Greater China Equity Off-shore Fund - Direct Plan,--,--,Very High,26.26,0.0,-0.01,--,--,--,--
Edelweiss Large Cap Fund - Direct Plan,Below Average,Above Average,Very High,12.6,1.18,1.86,0.94,2.53,0.96,0.98
Edelweiss Large & Mid Cap Fund - Direct Plan,Average,Average,Very High,14.4,1.23,1.69,0.99,4.06,0.83,0.9
Edelweiss Mid Cap Fund - Direct Plan,Below Average,High,Very High,16.19,1.52,2.0,0.95,4.37,0.73,0.92
Edelweiss MSCI India Domestic & World Healthcare 45 Index Fund - Direct Plan,Below Average,Low,Very High,12.56,1.03,1.89,0.72,-1.18,-0.98,0.83
Edelweiss Multi Cap Fund - Direct Plan,--,--,Very High,--,--,--,--,--,--,--
Edelweiss Nifty 100 Quality 30 Index Fund - Direct Plan,Average,Average,Very High,14.13,0.85,1.09,0.99,-0.96,-0.21,0.86
Edelweiss Nifty500 Multicap Momentum Quality 50 ETF,--,--,Very High,--,--,--,--,--,--,--
Edelweiss Nifty500 Multicap Momentum Quality 50 Index Fund - Direct Plan,--,--,Very High,--,--,--,--,--,--,--
Edelweiss Nifty 50 Index Fund - Direct Plan,Average,Below Average,Very High,12.65,0.9,1.42,0.95,-1.01,-1.11,0.99
Edelweiss Nifty Alpha Low Volatility 30 Index Fund - Direct Plan,--,--,Very High,--,--,--,--,--,--,--
Edelweiss Nifty Bank ETF,--,--,Very High,--,--,--,--,--,--,--
Edelweiss NIFTY Large Mid Cap 250 Index Fund - Direct Plan,Average,Average,Very High,14.41,1.17,1.69,1.03,2.64,1.13,0.97
Edelweiss Nifty Midcap150 Momentum 50 Index Fund - Direct Plan,--,--,Very High,--,--,--,--,--,--,--
Edelweiss Nifty Next 50 Index Fund - Direct Plan,--,--,Very High,--,--,--,--,--,--,--
Edelweiss Nifty Smallcap 250 Index Fund - Direct Plan,--,--,Very High,--,--,--,--,--,--,--
Edelweiss Recently Listed IPO Fund - Direct Plan,--,--,Very High,17.88,0.79,1.04,0.97,0.18,-0.03,0.58
Edelweiss Small Cap Fund - Direct Plan,Below Average,Average,Very High,16.5,1.27,1.74,0.84,2.37,-0.23,0.94
Edelweiss Technology Fund - Direct Plan,--,--,Very High,--,--,--,--,--,--,--
Edelweiss US Technology Equity FoF - Direct Plan,--,--,Very High,26.63,1.0,1.69,--,--,--,--
Edelweiss US Value Equity Off-shore Fund - Direct Plan,--,--,Very High,14.33,0.57,0.93,--,--,--,--
Franklin Asian Equity Fund - Direct Plan,--,--,Very High,17.76,0.14,0.27,--,--,--,--
Franklin Build India Fund - Direct Plan,Below Average,Above Average,Very High,16.01,1.61,2.58,0.57,9.65,-0.18,0.76
Franklin India Dividend Yield Fund - Direct Plan,--,--,Very High,12.75,1.12,1.62,0.77,3.18,-0.02,0.72
Franklin India ELSS Tax Saver Fund - Direct Plan,Below Average,Above Average,Very High,13.2,1.35,1.89,0.92,4.54,1.18,0.96
Franklin India Flexi Cap Fund - Direct Plan,Below Average,Above Average,Very High,12.98,1.35,1.91,0.91,4.52,1.07,0.96
Franklin India Focused Equity Fund - Direct Plan,Average,Above Average,Very High,12.91,1.19,1.64,0.88,2.63,0.21,0.91
Franklin India Large Cap Fund - Direct Plan,Below Average,Average,Very High,12.38,0.98,1.44,0.91,0.19,-0.35,0.96
Franklin India Large & Mid Cap Fund - Direct Plan,Average,Below Average,Very High,13.75,1.08,1.62,0.95,1.74,0.25,0.91
Franklin India Mid Cap Fund - Direct Plan,Average,Average,Very High,15.42,1.43,1.99,0.91,2.57,0.18,0.94
Franklin India Multi Cap Fund - Direct Plan,--,--,Very High,--,--,--,--,--,--,--
Franklin India NSE Nifty 50 Index - Direct Plan,Average,Below Average,Very High,12.6,0.9,1.42,0.94,-0.96,-1.1,0.99
Franklin India Opportunities Fund - Direct Plan,--,--,Very High,16.09,1.64,2.24,1.01,11.97,1.56,0.77
Franklin India Small Cap Fund - Direct Plan,Below Average,Above Average,Very High,16.71,1.35,1.7,0.83,4.12,0.07,0.9
Franklin India Technology Fund - Direct Plan,--,--,Very High,16.64,1.07,1.87,0.79,11.98,1.23,0.8
Franklin U.S. Opportunities Equity Active FoF - Direct Plan,--,--,Very High,19.16,0.89,1.43,--,--,--,--
Groww Banking & Financial Services Fund - Direct Plan,--,--,Very High,--,--,--,--,--,--,--
Groww BSE Power ETF,--,--,Very High,--,--,--,--,--,--,--
Groww BSE Power ETF FOF - Direct Plan,--,--,Very High,--,--,--,--,--,--,--
Groww ELSS Tax Saver Fund - Direct Plan,Above Average,Below Average,Very High,14.48,0.95,1.29,0.98,-0.37,-0.14,0.91
Groww Large Cap Fund - Direct Plan,Above Average,Average,Very High,13.38,0.99,1.55,0.99,0.3,0.04,0.96
Groww Multicap Fund - Direct Plan,--,--,Very High,--,--,--,--,--,--,--
Groww Nifty 200 ETF,--,--,Very High,--,--,--,--,--,--,--
Groww Nifty 200 ETF FoF - Direct Plan,--,--,Very High,--,--,--,--,--,--,--
Groww Nifty 500 Low Volatility 50 ETF,--,--,Very High,--,--,--,--,--,--,--
Groww Nifty 500 Momentum 50 ETF,--,--,Very High,--,--,--,--,--,--,--
Groww Nifty 500 Momentum 50 ETF FoF - Direct Plan,--,--,Very High,--,--,--,--,--,--,--
Groww Nifty 50 ETF,--,--,Very High,--,--,--,--,--,--,--
Groww Nifty 50 Index Fund - Direct Plan,--,--,Very High,--,--,--,--,--,--,--
Groww Nifty EV & New Age Automotive ETF,--,--,Very High,--,--,--,--,--,--,--
Groww Nifty EV & New Age Automotive ETF FoF - Direct Plan,--,--,Very High,--,--,--,--,--,--,--
Groww Nifty India Defence ETF,--,--,Very High,--,--,--,--,--,--,--
Groww Nifty India Defence ETF FoF - Direct Plan,--,--,Very High,--,--,--,--,--,--,--
Groww Nifty India Internet ETF,--,--,Very High,--,--,--,--,--,--,--
Groww Nifty India Internet ETF FoF - Direct Plan,--,--,Very High,--,--,--,--,--,--,--
Groww Nifty India Railways PSU ETF,--,--,Very High,--,--,--,--,--,--,--
Groww Nifty India Railways PSU Index Fund - Direct Plan,--,--,Very High,--,--,--,--,--,--,--
Groww Nifty Non-Cyclical Consumer Index Fund - Direct Plan,--,--,Very High,--,--,--,--,--,--,--
Groww Nifty Smallcap 250 Index Fund - Direct Plan,--,--,Very High,--,--,--,--,--,--,--
Groww Nifty Total Market Index Fund - Direct Plan,--,--,Very High,--,--,--,--,--,--,--
Groww Value Fund - Direct Plan,Above Average,Low,Very High,13.62,1.16,2.15,0.94,2.33,0.38,0.93
HDFC Banking & Financial Services Fund - Direct Plan,Average,Average,Very High,13.83,1.3,2.97,0.9,6.55,0.97,0.86
HDFC BSE 500 ETF,--,--,Very High,--,--,--,--,--,--,--
HDFC BSE 500 Index Fund - Direct Plan,--,--,Very High,--,--,--,--,--,--,--
HDFC BSE Sensex ETF,--,--,Very High,12.28,0.89,1.45,0.91,-1.08,-0.98,0.97
HDFC BSE Sensex Index Fund Direct Plan,Average,Below Average,Very High,12.29,0.87,1.43,0.91,-1.28,-1.07,0.97
HDFC Business Cycle Fund - Direct Plan,--,--,Very High,--,--,--,--,--,--,--
HDFC Defence Fund - Direct Plan,--,--,Very High,--,--,--,--,--,--,--
HDFC Developed World Equity Passive FoF - Direct Plan,--,--,Very High,12.71,1.04,1.39,--,--,--,--
HDFC Dividend Yield Fund - Direct Plan,--,--,Very High,14.14,1.28,1.89,0.98,3.95,1.08,0.94
HDFC ELSS Tax Saver Fund - Direct Plan,Low,Above Average,Very High,11.92,1.6,2.57,0.83,7.07,1.27,0.95
HDFC Flexi Cap Fund - Direct Plan,Low,High,Very High,11.92,1.66,2.84,0.82,7.9,1.38,0.94
HDFC Focused Fund - Direct Plan,Low,High,Very High,10.71,1.89,3.1,0.74,9.55,1.28,0.94
HDFC Housing Opportunities Fund - Direct Plan,--,--,Very High,16.37,1.21,1.84,1.08,4.18,0.88,0.86
HDFC Infrastructure Fund - Direct Plan,Above Average,High,Very High,16.88,1.62,2.43,0.6,10.58,-0.06,0.73
HDFC Innovation Fund - Direct Plan,--,--,Very High,--,--,--,--,--,--,--
HDFC Large and Mid Cap Fund - Direct Plan,Average,Above Average,Very High,14.54,1.32,1.93,1.02,5.17,1.48,0.94
HDFC Large Cap Fund - Direct Plan,Below Average,Above Average,Very High,12.65,1.14,1.68,0.93,2.14,0.45,0.96
HDFC Manufacturing Fund - Direct Plan,--,--,Very High,--,--,--,--,--,--,--
HDFC Mid Cap Fund - Direct Plan,Low,Above Average,Very High,14.62,1.66,2.26,0.87,5.66,0.76,0.95
HDFC MNC Fund - Direct Plan,--,--,Very High,--,--,--,--,--,--,--
HDFC Multi Cap Fund - Direct Plan,Below Average,Above Average,Very High,14.8,1.41,2.04,0.97,3.66,1.49,0.98
HDFC NIFTY 100 Equal Weight Index Fund - Direct Plan,Above Average,Above Average,Very High,15.5,0.99,1.63,1.13,0.54,0.52,0.93
HDFC NIFTY 100 ETF,--,--,Very High,--,--,--,--,--,--,--
HDFC NIFTY 100 Index Fund - Direct Plan,Above Average,Average,Very High,13.47,0.87,1.38,1.01,-1.47,-1.3,0.99
HDFC NIFTY100 Low Volatility 30 ETF,--,--,Very High,--,--,--,--,--,--,--
HDFC NIFTY100 Low Volatility 30 Index Fund - Direct Plan,--,--,Very High,--,--,--,--,--,--,--
HDFC NIFTY100 Quality 30 ETF,--,--,Very High,--,--,--,--,--,--,--
HDFC Nifty100 Quality 30 Index Fund - Direct Plan,--,--,Very High,--,--,--,--,--,--,--
HDFC NIFTY200 Momentum 30 ETF,--,--,Very High,--,--,--,--,--,--,--
HDFC NIFTY200 Momentum 30 Index Fund - Direct Plan,--,--,Very High,--,--,--,--,--,--,--
HDFC Nifty500 Multicap 50:25:25 Index Fund - Direct Plan,--,--,Very High,--,--,--,--,--,--,--
HDFC NIFTY50 Equal Weight Index Fund - Direct Plan,Average,Above Average,Very High,14.17,1.08,1.62,1.04,1.63,0.64,0.95
HDFC NIFTY 50 ETF,--,--,Very High,12.69,0.92,1.45,0.95,-0.77,-0.93,0.99
HDFC NIFTY 50 Index Fund Direct Plan,Average,Average,Very High,12.68,0.9,1.43,0.95,-0.96,-1.05,0.99
HDFC NIFTY50 Value 20 ETF,--,--,Very High,--,--,--,--,--,--,--
HDFC NIFTY Bank ETF,--,--,Very High,14.33,0.93,1.82,0.99,0.74,0.34,0.98
HDFC NIFTY Growth Sectors 15 ETF,--,--,Very High,--,--,--,--,--,--,--
HDFC Nifty India Digital Index Fund - Direct Plan,--,--,Very High,--,--,--,--,--,--,--
HDFC NIFTY IT ETF,--,--,Very High,--,--,--,--,--,--,--
HDFC Nifty LargeMidcap 250 Index Fund - Direct Plan,--,--,Very High,--,--,--,--,--,--,--
HDFC NIFTY Midcap 150 ETF,--,--,Very High,--,--,--,--,--,--,--
HDFC NIFTY Midcap 150 Index Fund - Direct Plan,--,--,Very High,--,--,--,--,--,--,--
HDFC NIFTY Next 50 ETF,--,--,Very High,--,--,--,--,--,--,--
HDFC NIFTY Next 50 Index Fund - Direct Plan,High,Above Average,Very High,18.98,0.89,1.27,1.3,-0.14,0.43,0.83
HDFC NIFTY Private Bank ETF,--,--,Very High,--,--,--,--,--,--,--
HDFC NIFTY PSU BANK ETF,--,--,Very High,--,--,--,--,--,--,--
HDFC NIFTY Realty Index Fund - Direct Plan,--,--,Very High,--,--,--,--,--,--,--
HDFC Nifty Smallcap 250 ETF,--,--,Very High,--,--,--,--,--,--,--
HDFC Nifty Smallcap 250 Index Fund - Direct Plan,--,--,Very High,--,--,--,--,--,--,--
HDFC Nifty Top 20 Equal Weight Index Fund - Direct Plan,--,--,Very High,--,--,--,--,--,--,--
HDFC Non-Cyclical Consumer Fund - Direct Plan,--,--,Very High,--,--,--,--,--,--,--
HDFC Pharma And Healthcare Fund - Direct Plan,--,--,Very High,--,--,--,--,--,--,--
HDFC Retirement Savings Fund Equity Plan - Direct Plan,Low,Above Average,Very High,11.5,1.49,2.18,0.8,5.62,0.75,0.96
HDFC Small Cap Fund - Direct Plan,Average,Above Average,Very High,16.01,1.38,1.98,0.82,3.96,-0.01,0.95
HDFC Technology Fund - Direct Plan,--,--,Very High,--,--,--,--,--,--,--
HDFC Transportation and Logistics Fund - Direct Plan,--,--,Very High,--,--,--,--,--,--,--
HDFC Value Fund - Direct Plan,Above Average,Average,Very High,13.63,1.32,2.09,0.95,4.31,1.31,0.96
Helios Financial Services Fund - Direct Plan,--,--,Very High,--,--,--,--,--,--,--
Helios Flexi Cap Fund - Direct Plan,--,--,Very High,--,--,--,--,--,--,--
Helios Large & Mid Cap Fund - Direct Plan,--,--,Very High,--,--,--,--,--,--,--
Helios Mid Cap Fund - Direct Plan,--,--,Very High,--,--,--,--,--,--,--
HSBC Asia Pacific (Ex Japan) Dividend Yield Fund - Direct Plan,--,--,Very High,15.41,0.45,0.85,--,--,--,--
HSBC Brazil Fund - Direct Plan,--,--,Very High,23.06,0.23,0.51,--,--,--,--
HSBC Business Cycles Fund - Direct Plan,--,--,Very High,17.43,1.28,1.76,1.11,6.38,0.99,0.8
HSBC Consumption Fund - Direct Plan,--,--,Very High,--,--,--,--,--,--,--
HSBC ELSS Tax Saver Fund - Direct Plan,Average,Average,Very High,14.69,1.27,1.61,0.97,4.6,0.76,0.86
HSBC Financial Services Fund - Direct Plan,--,--,Very High,--,--,--,--,--,--,--
HSBC Flexi Cap Fund - Direct Plan,Average,Above Average,Very High,14.48,1.26,1.52,0.98,4.1,0.82,0.9
HSBC Focused Fund - Direct Plan,Above Average,Average,Very High,14.74,0.95,1.23,0.96,0.18,-0.06,0.84
HSBC Global Emerging Markets Fund - Direct Plan,--,--,Very High,16.59,0.2,0.36,--,--,--,--
HSBC Global Equity Climate Change FoF - Direct Plan,--,--,Very High,17.2,0.38,0.75,--,--,--,--
HSBC India Export Opportunities Fund - Direct Plan,--,--,Very High,--,--,--,--,--,--,--
HSBC Infrastructure Fund - Direct Plan,Average,Average,Very High,18.3,1.3,1.76,0.6,6.76,-0.3,0.64
HSBC Large and Mid Cap Fund - Direct Plan,High,Average,Very High,16.45,1.18,1.25,0.98,5.93,0.61,0.68
HSBC Large Cap Fund - Direct Plan,Above Average,Average,Very High,13.5,0.99,1.48,0.98,0.55,0.09,0.93
HSBC Midcap Fund - Direct Plan,Average,Average,Very High,17.07,1.28,1.36,0.96,1.26,0.07,0.85
HSBC Multi Cap Fund - Direct Plan,--,--,Very High,--,--,--,--,--,--,--
HSBC Nifty 50 Index Fund - Direct Plan,Average,Below Average,Very High,12.66,0.91,1.43,0.95,-0.96,-1.07,0.99
HSBC Nifty Next 50 Index Fund - Direct Plan,High,Above Average,Very High,18.95,0.89,1.27,1.3,-0.17,0.43,0.83
HSBC Small Cap Fund - Direct Plan,Average,Average,Very High,18.2,1.13,1.41,0.92,0.22,-0.3,0.93
HSBC Tax Saver Equity Fund - Direct Plan,--,--,Very High,14.84,1.21,1.52,0.97,3.96,0.59,0.84
HSBC Value Fund - Direct Plan,Above Average,Above Average,Very High,14.74,1.53,2.04,0.98,8.37,1.59,0.88
ICICI Prudential Active Momentum Fund - Direct Plan,--,--,Very High,--,--,--,--,--,--,--
ICICI Prudential Banking and Financial Services Fund - Direct Plan,Below Average,Average,Very High,12.32,1.26,2.87,0.8,5.32,0.52,0.86
ICICI Prudential BHARAT 22 FOF - Direct Plan,Above Average,High,Very High,17.2,1.43,2.29,1.09,10.29,1.21,0.71
ICICI Prudential Bharat Consumption Fund - Direct Plan,Low,Below Average,Very High,12.72,1.08,1.32,0.68,2.22,-0.43,0.84
ICICI Prudential BSE 500 ETF,--,--,Very High,14.02,1.0,1.5,1.0,-0.33,-11.81,1.0
ICICI Prudential BSE 500 ETF FOF - Direct Plan,Average,Average,Very High,13.51,1.01,1.45,0.96,-0.16,-0.48,0.99
ICICI Prudential BSE Midcap Select ETF,--,--,Very High,17.41,1.03,1.38,1.01,-3.63,-0.63,0.91
ICICI Prudential BSE Sensex ETF,--,--,Very High,12.29,0.89,1.46,0.91,-1.05,-0.96,0.97
ICICI Prudential BSE Sensex Index Fund - Direct Plan,Average,Low,Very High,12.29,0.87,1.43,0.91,-1.29,-1.07,0.97
ICICI Prudential Business Cycle Fund - Direct Plan,--,--,Very High,12.57,1.53,3.12,0.84,7.09,1.01,0.89
ICICI Prudential Commodities Fund - Direct Plan,--,--,Very High,15.81,1.18,1.9,1.0,4.24,0.56,0.78
ICICI Prudential Dividend Yield Equity Fund - Direct Plan,--,--,Very High,12.58,1.65,2.51,0.84,8.65,1.23,0.87
ICICI Prudential ELSS Tax Saver - Direct Plan,Average,Average,Very High,12.76,1.1,1.88,0.87,1.52,-0.08,0.92
ICICI Prudential Energy Opportunities Fund - Direct Plan,--,--,Very High,--,--,--,--,--,--,--
ICICI Prudential Equity Minimum Variance Fund - Direct Plan,--,--,Very High,--,--,--,--,--,--,--
ICICI Prudential ESG Exclusionary Strategy Fund - Direct Plan,--,--,Very High,12.36,1.4,2.11,0.85,6.19,0.78,0.83
ICICI Prudential Exports and Services Fund - Direct Plan,--,--,Very High,11.17,1.52,2.66,0.75,6.18,0.49,0.88
ICICI Prudential Flexicap Fund - Direct Plan,Below Average,Above Average,Very High,13.3,1.19,1.71,0.9,2.76,0.32,0.91
ICICI Prudential FMCG Fund - Direct Plan,--,--,Very High,13.08,0.55,0.71,0.75,-3.5,-0.83,0.64
ICICI Prudential Focused Equity Fund - Direct Plan,Below Average,High,Very High,13.48,1.48,2.55,0.92,6.72,1.36,0.92
ICICI Prudential Global Advantage Fund (FOF) - Direct Plan,--,--,Very High,15.74,0.46,0.85,--,--,--,--
ICICI Prudential Global Stable Equity Fund (FOF) - Direct Plan,--,--,Very High,11.14,0.5,0.98,--,--,--,--
ICICI Prudential Housing Opportunities Fund - Direct Plan,--,--,Very High,12.52,1.28,2.12,0.84,3.91,0.33,0.89
ICICI Prudential India Equity FOF - Direct Plan,Low,Above Average,Very High,12.1,1.46,2.23,0.84,5.6,0.87,0.94
ICICI Prudential India Opportunities Fund - Direct Plan,--,--,Very High,11.92,1.74,2.97,0.8,9.2,1.29,0.89
ICICI Prudential Infrastructure Fund - Direct Plan,Low,High,Very High,14.81,1.77,2.61,0.54,11.02,-0.15,0.78
ICICI Prudential Innovation Fund - Direct Plan,--,--,Very High,--,--,--,--,--,--,--
ICICI Prudential Large Cap Fund - Direct Plan,Low,High,Very High,12.09,1.29,2.07,0.89,3.94,0.82,0.95
ICICI Prudential Large & Mid Cap Fund - Direct Plan,Low,High,Very High,12.16,1.54,2.37,0.84,7.08,1.13,0.91
ICICI Prudential Manufacturing Fund - Direct Plan,--,--,Very High,16.47,1.37,1.91,1.08,7.0,1.26,0.85
ICICI Prudential Midcap Fund - Direct Plan,Average,Average,Very High,16.46,1.26,1.76,0.96,0.26,-0.12,0.91
ICICI Prudential MNC Fund - Direct Plan,--,--,Very High,12.18,0.94,1.14,0.79,0.02,-0.51,0.83
ICICI Prudential Multicap Fund - Direct Plan,Below Average,Average,Very High,13.06,1.41,2.24,0.83,3.57,0.14,0.93
ICICI Prudential NASDAQ 100 Index Fund - Direct Plan,--,--,Very High,19.06,1.11,1.64,--,--,--,--
ICICI Prudential Nifty 100 ETF,--,--,Very High,13.52,0.87,1.37,1.02,-1.55,-1.34,0.99
ICICI Prudential Nifty 100 Low Volatility 30 ETF,--,--,Very High,13.34,0.95,1.36,0.95,0.28,-0.09,0.89
ICICI Prudential Nifty 100 Low Volatility 30 ETF FOF - Direct Plan,Below Average,Average,Very High,12.96,0.95,1.41,0.91,0.37,-0.16,0.88
ICICI Prudential Nifty 200 Momentum 30 ETF,--,--,Very High,--,--,--,--,--,--,--
ICICI Prudential Nifty 200 Momentum 30 Index Fund - Direct Plan,--,--,Very High,--,--,--,--,--,--,--
ICICI Prudential Nifty 200 Quality 30 ETF,--,--,Very High,--,--,--,--,--,--,--
ICICI Prudential Nifty200 Quality 30 Index Fund - Direct Plan,--,--,Very High,--,--,--,--,--,--,--
ICICI Prudential Nifty200 Value 30 ETF,--,--,Very High,--,--,--,--,--,--,--
ICICI Prudential Nifty200 Value 30 Index Fund - Direct Plan,--,--,Very High,--,--,--,--,--,--,--
ICICI Prudential Nifty 500 Index Fund - Direct Plan,--,--,Very High,--,--,--,--,--,--,--
ICICI Prudential Nifty50 Equal Weight Index Fund - Direct Plan,--,--,Very High,--,--,--,--,--,--,--
ICICI Prudential Nifty 50 ETF,--,--,Very High,12.69,0.92,1.46,0.95,-0.74,-0.91,0.99
ICICI Prudential Nifty 50 Index Fund - Direct Plan,Average,Average,Very High,12.68,0.9,1.43,0.95,-0.97,-1.06,0.99
ICICI Prudential Nifty50 Value 20 ETF,--,--,Very High,13.37,0.9,1.29,0.84,-0.11,-0.36,0.78
ICICI Prudential Nifty50 Value 20 Index Fund - Direct Plan,--,--,Very High,--,--,--,--,--,--,--
ICICI Prudential Nifty Alpha Low Volatility 30 ETF,--,--,Very High,15.47,1.0,1.37,1.04,1.06,0.3,0.87
ICICI Prudential Nifty Alpha Low Volatility 30 ETF FOF - Direct Plan,Above Average,Average,Very High,15.43,0.98,1.27,1.03,0.98,0.23,0.85
ICICI Prudential Nifty Auto ETF,--,--,Very High,18.11,1.1,1.45,1.06,4.62,0.52,0.67
ICICI Prudential Nifty Auto Index Fund - Direct Plan,--,--,Very High,--,--,--,--,--,--,--
ICICI Prudential Nifty Bank ETF,--,--,Very High,14.34,0.94,1.83,0.99,0.79,0.37,0.98
ICICI Prudential Nifty Bank Index Fund - Direct Plan,Above Average,Low,Very High,14.31,0.92,1.81,0.99,0.6,0.26,0.98
ICICI Prudential Nifty Commodities ETF,--,--,Very High,--,--,--,--,--,--,--
ICICI Prudential Nifty EV & New Age Automotive ETF,--,--,Very High,--,--,--,--,--,--,--
ICICI Prudential Nifty EV & New Age Automotive ETF FoF - Direct Plan,--,--,Very High,--,--,--,--,--,--,--
ICICI Prudential Nifty Financial Services Ex-Bank ETF,--,--,Very High,--,--,--,--,--,--,--
ICICI Prudential Nifty FMCG ETF,--,--,Very High,15.59,0.57,0.82,0.87,-3.62,-0.56,0.61
ICICI Prudential Nifty Healthcare ETF,--,--,Very High,16.49,1.07,1.76,1.02,-2.43,-0.71,0.97
ICICI Prudential Nifty India Consumption ETF,--,--,Very High,15.82,0.93,1.31,0.86,0.18,-0.37,0.87
ICICI Prudential Nifty Infrastructure ETF,--,--,Very High,--,--,--,--,--,--,--
ICICI Prudential Nifty IT ETF,--,--,Very High,19.05,0.45,0.8,1.0,1.09,0.51,0.99
ICICI Prudential Nifty IT Index Fund - Direct Plan,--,--,Very High,--,--,--,--,--,--,--
ICICI Prudential Nifty LargeMidcap 250 Index Fund - Direct Plan,--,--,Very High,--,--,--,--,--,--,--
ICICI Prudential Nifty Metal ETF,--,--,Very High,--,--,--,--,--,--,--
ICICI Prudential Nifty Midcap 150 ETF,--,--,Very High,16.46,1.33,1.85,1.0,0.47,0.33,0.99
ICICI Prudential Nifty Midcap 150 Index Fund - Direct Plan,Above Average,Average,Very High,16.43,1.31,1.83,1.0,0.16,0.11,0.99
ICICI Prudential Nifty Next 50 ETF,--,--,Very High,18.99,0.92,1.31,1.3,0.34,0.49,0.83
ICICI Prudential Nifty Next 50 Index Fund - Direct Plan,High,Above Average,Very High,19.0,0.9,1.28,1.3,-0.02,0.45,0.83
ICICI Prudential Nifty Oil & Gas ETF,--,--,Very High,--,--,--,--,--,--,--
ICICI Prudential Nifty Pharma Index Fund - Direct Plan,--,--,Very High,--,--,--,--,--,--,--
ICICI Prudential Nifty Private Bank ETF,--,--,Very High,14.7,0.87,1.96,0.99,0.26,0.03,0.92
ICICI Prudential Nifty Private Bank Index Fund - Direct Plan,--,--,Very High,--,--,--,--,--,--,--
ICICI Prudential Nifty PSU Bank ETF,--,--,Very High,--,--,--,--,--,--,--
ICICI Prudential Nifty Smallcap 250 Index Fund - Direct Plan,Above Average,Average,Very High,19.35,1.14,1.63,1.01,-0.27,0.01,0.99
ICICI Prudential Nifty Top 15 Equal Weight ETF,--,--,Very High,--,--,--,--,--,--,--
ICICI Prudential Nifty Top 15 Equal Weight Index Fund - Direct Plan,--,--,Very High,--,--,--,--,--,--,--
ICICI Prudential Passive Strategy Fund (FOF) - Direct Plan,Below Average,Average,Very High,11.98,1.29,2.05,0.83,3.59,0.28,0.94
ICICI Prudential Pharma Healthcare and Diagnostics (P.H.D) Fund - Direct Plan,Below Average,High,Very High,15.37,1.44,2.04,0.94,3.57,0.79,0.96
ICICI Prudential PSU Equity Fund - Direct Plan,--,--,Very High,--,--,--,--,--,--,--
ICICI Prudential Quality Fund - Direct Plan,--,--,Very High,--,--,--,--,--,--,--
ICICI Prudential Quant Fund - Direct Plan,--,--,Very High,11.42,1.26,1.85,0.78,3.21,0.0,0.91
ICICI Prudential Retirement Fund - Pure Equity Plan - Direct Plan,Below Average,High,Very High,14.52,1.46,2.07,0.96,7.25,1.27,0.87
ICICI Prudential Rural Opportunities Fund - Direct Plan,--,--,Very High,--,--,--,--,--,--,--
ICICI Prudential Smallcap Fund - Direct Plan,Below Average,Below Average,Very High,15.35,1.07,1.49,0.77,-0.44,-0.86,0.9
ICICI Prudential Strategic Metal and Energy Equity FoF - Direct Plan,--,--,Very High,19.43,0.57,0.97,--,--,--,--
ICICI Prudential Technology Fund - Direct Plan,--,--,Very High,16.21,0.72,1.21,0.84,5.35,0.98,0.96
ICICI Prudential Thematic Advantage Fund (FOF) - Direct,--,--,Very High,10.57,1.62,2.68,0.72,6.76,0.51,0.9
ICICI Prudential Transportation and Logistics Fund - Direct Plan,--,--,Very High,--,--,--,--,--,--,--
ICICI Prudential US Bluechip Equity Fund - Direct Plan,--,--,Very High,17.8,0.62,1.22,--,--,--,--
ICICI Prudential Value Fund - Direct Plan,Low,Above Average,Very High,11.51,1.55,2.66,0.76,6.85,0.63,0.86
Invesco India Business Cycle Fund - Direct Plan,--,--,Very High,--,--,--,--,--,--,--
Invesco India Contra Fund - Direct Plan,Average,Average,Very High,14.16,1.33,1.98,0.98,4.81,1.24,0.94
Invesco India ELSS Tax Saver Fund - Direct Plan,Above Average,Below Average,Very High,14.41,1.13,1.43,0.98,2.23,0.42,0.9
Invesco India ESG Integration Strategy Fund - Direct Plan,--,--,Very High,13.16,1.02,1.42,0.91,1.54,0.07,0.84
Invesco India Financial Services Fund - Direct Plan,Below Average,Above Average,Very High,13.96,1.54,2.56,0.85,10.72,1.22,0.76
Invesco India Flexi Cap Fund - Direct Plan,Below Average,High,Very High,14.41,1.48,1.68,0.94,7.64,1.2,0.85
Invesco India Focused Fund - Direct Plan,Above Average,High,Very High,15.08,1.44,1.84,0.95,8.04,1.05,0.79
Invesco India Infrastructure Fund - Direct Plan,Average,Average,Very High,19.5,1.3,1.6,0.66,6.89,-0.2,0.66
Invesco India - Invesco EQQQ NASDAQ-100 ETF FoF - Direct Plan,--,--,Very High,18.53,1.14,2.0,--,--,--,--
Invesco India - Invesco Global Consumer Trends FoF - Direct Plan,--,--,Very High,23.34,0.64,1.06,--,--,--,--
Invesco India - Invesco Global Equity Income FoF - Direct Plan,--,--,Very High,15.12,1.11,1.63,--,--,--,--
Invesco India - Invesco Pan European Equity FoF - Direct Plan,--,--,Very High,16.15,0.78,1.43,--,--,--,--
Invesco India Largecap Fund - Direct Plan,Above Average,Above Average,Very High,14.16,1.14,1.59,1.03,2.67,0.81,0.93
Invesco India Large & Mid Cap Fund - Direct Plan,Average,Above Average,Very High,15.14,1.52,1.84,0.99,9.26,1.43,0.82
Invesco India Manufacturing Fund - Direct Plan,--,--,Very High,--,--,--,--,--,--,--
Invesco India Mid Cap Fund - Direct Plan,Average,Above Average,Very High,16.42,1.55,1.91,0.94,5.33,0.72,0.88
Invesco India Multicap Fund - Direct Plan,Average,Average,Very High,14.54,1.29,1.57,0.93,2.18,0.24,0.93
Invesco India Nifty 50 ETF,--,--,Very High,12.69,0.92,1.45,0.95,-0.83,-0.97,0.99
Invesco India PSU Equity Fund - Direct Plan,--,--,Very High,22.39,1.39,2.29,0.97,1.7,0.12,0.92
Invesco India Smallcap Fund - Direct Plan,Below Average,Above Average,Very High,16.35,1.5,1.77,0.81,6.73,0.37,0.88
Invesco India Technology Fund - Direct Plan,--,--,Very High,--,--,--,--,--,--,--
ITI Banking and Financial Services Fund - Direct Plan,Average,Below Average,Very High,13.68,1.08,2.25,0.9,3.33,0.4,0.88
ITI Bharat Consumption Fund - Direct Plan,--,--,Very High,--,--,--,--,--,--,--
ITI ELSS Tax Saver Fund - Direct Plan,Average,Above Average,Very High,15.42,1.33,1.71,1.02,5.79,1.08,0.87
ITI Flexi Cap Fund - Direct Plan,--,--,Very High,--,--,--,--,--,--,--
ITI Focused Fund - Direct Plan,--,--,Very High,--,--,--,--,--,--,--
ITI Large Cap Fund - Direct Plan,Above Average,Average,Very High,13.97,1.05,1.66,1.01,1.43,0.39,0.92
ITI Large & Mid Cap Fund - Direct Plan,--,--,Very High,--,--,--,--,--,--,--
ITI Mid Cap Fund - Direct Plan,Below Average,Above Average,Very High,16.69,1.38,1.89,0.99,1.89,0.4,0.94
ITI Multi Cap Fund - Direct Plan,Above Average,Above Average,Very High,15.31,1.28,1.55,0.98,2.08,0.5,0.94
ITI Pharma and Healthcare Fund - Direct Plan,Average,Average,Very High,15.46,1.2,1.67,0.95,-0.16,-0.37,0.96
ITI Small Cap Fund - Direct Plan,Average,Above Average,Very High,16.76,1.54,1.88,0.84,7.35,0.61,0.9
ITI Value Fund - Direct Plan,Above Average,Average,Very High,15.03,1.25,1.7,1.02,4.13,0.95,0.91
JM ELSS Tax Saver Fund - Direct Plan,Above Average,Above Average,Very High,15.04,1.24,1.83,0.99,4.39,0.76,0.86
JM Flexicap Fund - Direct Plan,Average,High,Very High,15.32,1.38,1.85,1.0,6.72,1.06,0.83
JM Focused Fund - Direct Plan,Above Average,Above Average,Very High,14.48,1.23,1.75,0.94,4.29,0.54,0.82
JM Large Cap Fund - Direct Plan,Below Average,Average,Very High,13.57,1.08,1.72,0.96,2.14,0.33,0.88
JM Large & Mid Cap Fund - Direct Plan,--,--,Very High,--,--,--,--,--,--,--
JM Midcap Fund - Direct Plan,--,--,Very High,--,--,--,--,--,--,--
JM Small Cap Fund - Direct Plan,--,--,Very High,--,--,--,--,--,--,--
JM Value Fund - Direct Plan,Above Average,High,Very High,16.09,1.41,2.07,0.99,8.42,1.04,0.75
Kotak Active Momentum Fund - Direct Plan,--,--,Very High,--,--,--,--,--,--,--
Kotak Banking & Financial Services Fund - Direct Plan,--,--,Very High,--,--,--,--,--,--,--
Kotak BSE Housing Index Fund - Direct Plan,--,--,Very High,--,--,--,--,--,--,--
Kotak BSE PSU Index Fund - Direct Plan,--,--,Very High,--,--,--,--,--,--,--
Kotak BSE Sensex ETF,--,--,Very High,12.27,0.87,1.43,0.91,-1.28,-1.07,0.97
Kotak BSE Sensex Index Fund - Direct Plan,--,--,Very High,--,--,--,--,--,--,--
Kotak Business Cycle Fund - Direct Plan,--,--,Very High,--,--,--,--,--,--,--
Kotak Consumption Fund - Direct Plan,--,--,Very High,--,--,--,--,--,--,--
Kotak Contra Fund - Direct Plan,Below Average,Average,Very High,14.06,1.4,2.06,0.98,5.63,1.67,0.95
Kotak ELSS Tax Saver - Direct Plan,Below Average,Average,Very High,13.44,1.17,1.57,0.92,2.55,0.32,0.91
Kotak Energy Opportunities Fund - Direct Plan,--,--,Very High,--,--,--,--,--,--,--
Kotak ESG Exclusionary Strategy Fund - Direct Plan,--,--,Very High,13.04,1.02,1.55,0.95,0.8,0.06,0.94
Kotak Flexicap Fund - Direct Plan,Average,Average,Very High,13.38,1.2,1.87,0.93,2.71,0.49,0.94
Kotak Focused Fund - Direct Plan,Below Average,Average,Very High,12.96,1.12,1.62,0.9,1.52,0.04,0.96
Kotak Global Emerging Market - Direct Plan,--,--,Very High,14.27,0.32,0.64,--,--,--,--
Kotak Global Innovation FoF - Direct Plan,--,--,Very High,18.54,0.77,1.24,--,--,--,--
Kotak Healthcare Fund - Direct Plan,--,--,Very High,--,--,--,--,--,--,--
Kotak Infrastructure and Economic Reform Fund - Standard Plan - Direct Plan,Below Average,Average,Very High,18.37,1.22,1.33,0.57,6.33,-0.36,0.57
Kotak International REIT FOF - Direct Plan,--,--,Very High,19.0,-0.01,-0.02,--,--,--,--
Kotak Large Cap Fund - Direct Plan,Low,Above Average,Very High,12.59,1.11,1.62,0.94,1.72,0.45,0.98
Kotak Large & Midcap Fund - Direct Plan,Below Average,Average,Very High,13.67,1.31,1.78,0.93,5.02,0.87,0.89
Kotak Manufacture in India Fund - Direct Plan,--,--,Very High,15.64,1.13,1.43,1.02,2.88,0.51,0.84
Kotak Midcap Fund - Direct Plan,Below Average,Average,Very High,15.95,1.31,1.68,0.92,1.21,-0.09,0.89
Kotak MNC Fund - Direct Plan,--,--,Very High,--,--,--,--,--,--,--
Kotak MSCI India ETF,--,--,Very High,--,--,--,--,--,--,--
Kotak Multicap Fund - Direct Plan,Above Average,High,Very High,15.85,1.4,1.83,1.02,4.03,1.22,0.95
Kotak Nasdaq 100 FOF - Direct Plan,--,--,Very High,18.14,1.14,1.83,--,--,--,--
Kotak Nifty 100 Equal Weight ETF,--,--,Very High,--,--,--,--,--,--,--
Kotak Nifty 100 Equal Weight Index Fund - Direct Plan,--,--,Very High,--,--,--,--,--,--,--
Kotak Nifty 100 Low Volatility 30 ETF,--,--,Very High,13.32,0.97,1.4,0.95,0.56,-0.03,0.89
Kotak Nifty 100 Low Volatility 30 Index Fund - Direct Plan,--,--,Very High,--,--,--,--,--,--,--
Kotak Nifty 200 Momentum 30 Index Fund - Direct Plan,--,--,Very High,--,--,--,--,--,--,--
Kotak Nifty200 Quality 30 ETF,--,--,Very High,--,--,--,--,--,--,--
Kotak Nifty 200 Quality 30 Index Fund - Direct Plan,--,--,Very High,--,--,--,--,--,--,--
Kotak Nifty 50 Equal Weight Index Fund - Direct Plan,--,--,Very High,--,--,--,--,--,--,--
Kotak Nifty 50 ETF,--,--,Very High,12.69,0.92,1.45,0.95,-0.82,-0.96,0.99
Kotak Nifty 50 Index Fund - Direct Plan,Average,Below Average,Very High,12.68,0.9,1.42,0.95,-1.07,-1.15,0.99
Kotak Nifty 50 Value 20 ETF,--,--,Very High,13.39,0.91,1.3,0.84,0.01,-0.34,0.78
Kotak Nifty Alpha 50 ETF,--,--,Very High,21.67,0.91,1.14,1.34,0.33,0.44,0.75
Kotak Nifty Alpha 50 Index Fund - Direct Plan,--,--,Very High,--,--,--,--,--,--,--
Kotak Nifty Bank ETF,--,--,Very High,14.34,0.93,1.82,0.99,0.7,0.33,0.98
Kotak Nifty Commodities Index Fund - Direct Plan,--,--,Very High,--,--,--,--,--,--,--
Kotak Nifty Financial Services Ex-Bank Index Fund - Direct Plan,--,--,Very High,--,--,--,--,--,--,--
Kotak NIFTY India Consumption ETF,--,--,Very High,--,--,--,--,--,--,--
Kotak Nifty India Tourism Index Fund - Direct Plan,--,--,Very High,--,--,--,--,--,--,--
Kotak Nifty IT ETF,--,--,Very High,19.01,0.45,0.81,1.0,1.19,0.55,0.99
Kotak Nifty Midcap 150 ETF,--,--,Very High,--,--,--,--,--,--,--
Kotak Nifty Midcap 150 Index Fund - Direct Plan,--,--,Very High,--,--,--,--,--,--,--
Kotak Nifty Midcap 150 Momentum 50 Index Fund - Direct Plan,--,--,Very High,--,--,--,--,--,--,--
Kotak Nifty Midcap 50 ETF,--,--,Very High,17.09,1.39,1.93,1.02,1.86,0.66,0.96
Kotak Nifty Midcap 50 Index Fund - Direct Plan,--,--,Very High,--,--,--,--,--,--,--
Kotak Nifty MNC ETF,--,--,Very High,--,--,--,--,--,--,--
Kotak Nifty Next 50 Index Fund - Direct Plan,Above Average,High,Very High,18.89,0.92,1.3,1.29,0.34,0.48,0.83
Kotak Nifty PSU Bank ETF,--,--,Very High,26.58,1.27,2.56,1.18,18.94,1.02,0.4
Kotak Nifty Smallcap 250 Index Fund - Direct Plan,--,--,Very High,--,--,--,--,--,--,--
Kotak Nifty Smallcap 50 Index Fund - Direct Plan,--,--,Very High,--,--,--,--,--,--,--
Kotak Nifty Top 10 Equal Weight Index Fund - Direct Plan,--,--,Very High,--,--,--,--,--,--,--
Kotak Pioneer Fund - Direct Plan,--,--,Very High,13.92,1.37,1.66,0.88,6.39,0.68,0.78
Kotak Quant Fund - Direct Plan,--,--,Very High,--,--,--,--,--,--,--
Kotak Small Cap Fund - Direct Plan,Average,Below Average,Very High,16.82,0.97,1.35,0.84,-2.25,-0.94,0.9
Kotak Special Opportunities Fund - Direct Plan,--,--,Very High,--,--,--,--,--,--,--
Kotak Technology Fund - Direct Plan,--,--,Very High,--,--,--,--,--,--,--
Kotak Transportation & Logistics Fund - Direct Plan,--,--,Very High,--,--,--,--,--,--,--
LIC MF Banking & Financial Services Fund - Direct Plan,High,Low,Very High,15.01,0.91,2.35,0.98,1.21,0.19,0.88
LIC MF BSE Sensex ETF,--,--,Very High,12.28,0.88,1.45,0.91,-1.12,-1.0,0.97
LIC MF BSE Sensex Index Plan - Direct Plan,Average,Low,Very High,12.25,0.86,1.42,0.91,-1.37,-1.12,0.97
LIC MF Children's Fund - Direct Plan,Average,Low,Very High,13.66,0.68,0.78,0.89,-3.49,-0.89,0.84
LIC MF Dividend Yield Fund - Direct Plan,--,--,Very High,15.47,1.32,1.88,1.04,5.35,1.19,0.9
LIC MF ELSS Tax Saver - Direct Plan,Average,Below Average,Very High,13.41,1.12,1.63,0.89,2.25,0.13,0.87
LIC MF Flexi Cap Fund - Direct Plan,Above Average,Below Average,Very High,15.05,0.81,1.06,1.01,-2.26,-0.42,0.88
LIC MF Focused Fund - Direct Plan,--,--,Very High,13.99,0.85,1.21,0.94,-1.56,-0.51,0.88
LIC MF Healthcare Fund - Direct Plan,Above Average,Below Average,Very High,15.51,1.03,1.61,0.94,-2.56,-0.9,0.93
LIC MF Infrastructure Fund - Direct Plan,Average,Average,Very High,19.99,1.33,1.75,0.63,8.7,-0.1,0.59
LIC MF Large Cap Fund - Direct Plan,Above Average,Low,Very High,13.66,0.86,1.2,1.01,-1.53,-0.59,0.97
LIC MF Large & Mid Cap Fund - Direct Plan,Average,Average,Very High,15.33,1.06,1.56,0.99,2.52,0.35,0.8
LIC MF Manufacturing Fund - Direct Plan,--,--,Very High,--,--,--,--,--,--,--
LIC MF Midcap Fund - Direct Plan,High,Below Average,Very High,17.1,1.16,1.67,1.01,-1.78,-0.35,0.93
LIC MF Multi Cap Fund - Direct Plan,--,--,Very High,--,--,--,--,--,--,--
LIC MF Nifty 100 ETF,--,--,Very High,13.53,0.88,1.4,1.02,-1.36,-1.14,0.99
LIC MF Nifty 50 ETF,--,--,Very High,12.7,0.92,1.45,0.95,-0.83,-0.95,0.99
LIC MF Nifty 50 Index Plan - Direct Plan,Average,Below Average,Very High,12.69,0.9,1.42,0.95,-1.03,-1.08,0.99
LIC MF Nifty Midcap 100 ETF,--,--,Very High,--,--,--,--,--,--,--
LIC MF Nifty Next 50 Index Fund - Direct Plan,High,Above Average,Very High,18.91,0.9,1.29,1.3,0.13,0.46,0.83
LIC MF Small Cap Fund - Direct Plan,Above Average,Average,Very High,18.96,0.99,1.19,0.93,-1.95,-0.51,0.88
LIC MF Value Fund - Direct Plan,High,Low,Very High,16.56,0.84,0.95,1.07,-1.57,-0.07,0.83
Mahindra Manulife Asia Pacific REITs FoF - Direct Plan,--,--,Very High,18.49,-0.16,-0.34,--,--,--,--
Mahindra Manulife Banking & Financial Services Fund - Direct Plan,--,--,Very High,--,--,--,--,--,--,--
Mahindra Manulife Business Cycle Fund - Direct Plan,--,--,Very High,--,--,--,--,--,--,--
Mahindra Manulife Consumption Fund - Direct Plan,Above Average,Below Average,Very High,14.61,1.02,1.31,0.82,1.09,-0.4,0.93
Mahindra Manulife ELSS Tax Saver Fund - Direct Plan,Average,Average,Very High,13.12,1.12,1.78,0.91,1.52,0.09,0.96
Mahindra Manulife Flexi Cap Fund - Direct Plan,Below Average,Average,Very High,13.3,1.23,1.8,0.93,2.96,0.66,0.96
Mahindra Manulife Focused Fund - Direct Plan,Below Average,Above Average,Very High,13.35,1.38,2.03,0.9,5.44,0.86,0.89
Mahindra Manulife Large Cap Fund - Direct Plan,Below Average,Average,Very High,12.69,1.07,1.67,0.93,1.29,0.15,0.95
Mahindra Manulife Large & Mid Cap Fund - Direct Plan,Average,Average,Very High,14.12,1.17,1.65,0.94,3.48,0.5,0.85
Mahindra Manulife Manufacturing Fund - Direct Plan,--,--,Very High,--,--,--,--,--,--,--
Mahindra Manulife Mid Cap Fund - Direct Plan,Average,Above Average,Very High,15.93,1.45,1.98,0.96,2.56,0.66,0.97
Mahindra Manulife Multi Cap Fund - Direct Plan,Above Average,Average,Very High,14.99,1.31,1.77,0.95,2.77,0.44,0.92
Mahindra Manulife Small Cap Fund - Direct Plan,--,--,Very High,--,--,--,--,--,--,--
Mahindra Manulife Value Fund - Direct Plan,--,--,Very High,--,--,--,--,--,--,--
Mirae Asset Banking and Financial Services Fund - Direct Plan,Average,Above Average,Very High,14.54,1.24,3.08,0.95,6.02,1.01,0.87
Mirae Asset BSE 200 Equal Weight ETF,--,--,Low,--,--,--,--,--,--,--
Mirae Asset BSE 200 Equal Weight ETF FoF - Direct Plan,--,--,Low,--,--,--,--,--,--,--
Mirae Asset BSE Select IPO ETF,--,--,Low,--,--,--,--,--,--,--
Mirae Asset BSE Select IPO ETF FoF - Direct Plan,--,--,Low,--,--,--,--,--,--,--
Mirae Asset BSE Sensex ETF,--,--,Very High,--,--,--,--,--,--,--
Mirae Asset Diversified Equity Allocator Passive FoF - Direct Plan,Average,Average,Very High,13.6,1.03,1.53,1.02,0.63,0.53,0.99
Mirae Asset ELSS Tax Saver Fund - Direct Plan,Average,Average,Very High,13.29,1.11,1.61,0.93,1.4,0.14,0.96
Mirae Asset Flexi Cap Fund - Direct Plan,--,--,Very High,--,--,--,--,--,--,--
Mirae Asset Focused Fund - Direct Plan,Average,Below Average,Very High,12.42,0.76,1.15,0.81,-2.36,-0.92,0.85
Mirae Asset Global Electric & Autonomous Vehicles Equity Passive FoF - Direct Plan,--,--,Very High,--,--,--,--,--,--,--
Mirae Asset Global X Artificial Intelligence & Technology ETF FoF - Direct Plan,--,--,Very High,--,--,--,--,--,--,--
Mirae Asset Great Consumer Fund - Direct Plan,Average,Above Average,Very High,15.56,1.07,1.45,0.86,2.08,-0.06,0.91
Mirae Asset Hang Seng TECH ETF,--,--,Very High,41.34,0.18,0.37,--,--,--,--
Mirae Asset Hang Seng TECH ETF FoF - Direct Plan,--,--,Very High,39.76,0.25,0.59,--,--,--,--
Mirae Asset Healthcare Fund - Direct Plan,Above Average,Below Average,Very High,16.24,1.11,1.76,1.0,-1.66,-0.58,0.97
Mirae Asset Large Cap Fund - Direct Plan,Below Average,Below Average,Very High,12.12,0.93,1.43,0.9,-0.48,-0.74,0.97
Mirae Asset Large & Midcap Fund - Direct Plan,Average,Below Average,Very High,14.15,1.02,1.44,0.99,0.81,0.17,0.93
Mirae Asset Midcap Fund - Direct Plan,Above Average,Average,Very High,16.73,1.1,1.51,1.0,-3.0,-0.88,0.96
Mirae Asset Multicap Fund - Direct Plan,--,--,Very High,--,--,--,--,--,--,--
Mirae Asset Nifty 100 ESG Sector Leaders ETF,--,--,Very High,13.05,0.84,1.32,0.97,-1.75,-1.1,0.98
Mirae Asset Nifty 100 ESG Sector Leaders FoF - Direct Plan,--,--,Very High,12.98,0.83,1.3,0.97,-1.9,-1.17,0.98
Mirae Asset Nifty 100 Low Volatility 30 ETF,--,--,Very High,--,--,--,--,--,--,--
Mirae Asset Nifty 200 Alpha 30 ETF,--,--,Very High,--,--,--,--,--,--,--
Mirae Asset Nifty 200 Alpha 30 ETF FoF - Direct Plan,--,--,Very High,--,--,--,--,--,--,--
Mirae Asset Nifty500 Multicap 50:25:25 ETF,--,--,Very High,--,--,--,--,--,--,--
Mirae Asset Nifty50 Equal Weight ETF,--,--,Very High,--,--,--,--,--,--,--
Mirae Asset Nifty 50 ETF,--,--,Very High,12.69,0.92,1.45,0.95,-0.77,-0.92,0.99
Mirae Asset Nifty 50 Index Fund - Direct Plan,--,--,Very High,--,--,--,--,--,--,--
Mirae Asset Nifty Bank ETF,--,--,Very High,--,--,--,--,--,--,--
Mirae Asset Nifty EV and New Age Automotive ETF,--,--,Very High,--,--,--,--,--,--,--
Mirae Asset Nifty Financial Services ETF,--,--,Very High,13.89,1.03,2.03,0.95,2.28,0.5,0.95
Mirae Asset Nifty India Internet ETF,--,--,Very High,--,--,--,--,--,--,--
Mirae Asset Nifty India Manufacturing ETF,--,--,Very High,15.95,1.16,1.61,1.07,3.04,0.72,0.88
Mirae Asset Nifty India Manufacturing ETF FoF - Direct Plan,--,--,Very High,15.84,1.15,1.56,1.06,2.9,0.67,0.88
Mirae Asset Nifty India New Age Consumption ETF,--,--,Very High,--,--,--,--,--,--,--
Mirae Asset Nifty India New Age Consumption ETF FoF - Direct Plan,--,--,Very High,--,--,--,--,--,--,--
Mirae Asset Nifty IT ETF,--,--,Very High,--,--,--,--,--,--,--
Mirae Asset Nifty LargeMidcap 250 Index Fund - Direct Plan,--,--,Very High,--,--,--,--,--,--,--
Mirae Asset Nifty Metal ETF,--,--,Very High,--,--,--,--,--,--,--
Mirae Asset Nifty Midcap 150 ETF,--,--,Very High,16.46,1.33,1.86,1.0,0.53,0.37,0.99
Mirae Asset Nifty MidSmallcap400 Momentum Quality 100 ETF,--,--,Very High,--,--,--,--,--,--,--
Mirae Asset Nifty MidSmallcap400 Momentum Quality 100 ETF FoF - Direct Plan,--,--,Very High,--,--,--,--,--,--,--
Mirae Asset Nifty Next 50 ETF,--,--,Very High,18.99,0.91,1.31,1.3,0.24,0.47,0.83
Mirae Asset Nifty PSU Bank ETF,--,--,Very High,--,--,--,--,--,--,--
Mirae Asset Nifty Smallcap 250 Momentum Quality 100 ETF,--,--,Very High,--,--,--,--,--,--,--
Mirae Asset Nifty Smallcap 250 Momentum Quality 100 ETF FoF - Direct Plan,--,--,Very High,--,--,--,--,--,--,--
Mirae Asset Nifty Total Market Index Fund - Direct Plan,--,--,Very High,--,--,--,--,--,--,--
Mirae Asset NYSE FANG+ ETF,--,--,Very High,25.48,1.44,2.48,--,--,--,--
Mirae Asset NYSE FANG+ ETF FoF - Direct Plan,--,--,Very High,25.34,1.56,3.2,--,--,--,--
Mirae Asset Small Cap Fund - Direct Plan,--,--,Very High,--,--,--,--,--,--,--
Mirae Asset S&P 500 Top 50 ETF,--,--,Very High,16.34,1.1,1.54,--,--,--,--
Mirae Asset S&P 500 Top 50 ETF FoF - Direct Plan,--,--,Very High,17.27,1.18,1.65,--,--,--,--
Motilal Oswal Active Momentum Fund - Direct Plan,--,--,Very High,--,--,--,--,--,--,--
Motilal Oswal BSE 1000 Index Fund - Direct Plan,--,--,Very High,--,--,--,--,--,--,--
Motilal Oswal BSE Enhanced Value ETF,--,--,Very High,--,--,--,--,--,--,--
Motilal Oswal BSE Enhanced Value Index Fund - Direct Plan,--,--,Very High,--,--,--,--,--,--,--
Motilal Oswal BSE Financials ex Bank 30 Index Fund - Direct Plan,--,--,Very High,--,--,--,--,--,--,--
Motilal Oswal BSE Healthcare ETF,--,--,Very High,--,--,--,--,--,--,--
Motilal Oswal BSE India Infrastructure ETF,--,--,Very High,--,--,--,--,--,--,--
Motilal Oswal BSE Low Volatility ETF,--,--,Very High,13.05,1.02,1.48,0.89,1.06,-0.1,0.88
Motilal Oswal BSE Low Volatility Index Fund - Direct Plan,Average,Below Average,Very High,13.05,0.99,1.45,0.89,0.69,-0.18,0.88
Motilal Oswal BSE Quality ETF,--,--,Very High,--,--,--,--,--,--,--
Motilal Oswal BSE Quality Index Fund - Direct Plan,--,--,Very High,--,--,--,--,--,--,--
Motilal Oswal Business Cycle Fund - Direct Plan,--,--,Very High,--,--,--,--,--,--,--
Motilal Oswal Developed Market Ex US ETFs FoF - Direct Plan,--,--,Very High,--,--,--,--,--,--,--
Motilal Oswal Digital India Fund - Direct Plan,--,--,Very High,--,--,--,--,--,--,--
Motilal Oswal ELSS Tax Saver Fund - Direct Plan,Above Average,High,Very High,19.16,1.33,1.41,1.14,8.91,1.03,0.7
Motilal Oswal Flexi Cap Fund - Direct Plan,Above Average,Above Average,Very High,15.77,1.35,1.62,0.91,8.21,0.74,0.65
Motilal Oswal Focused Fund - Direct Plan,High,Low,Very High,18.15,0.55,0.72,1.11,-5.93,-0.46,0.74
Motilal Oswal Infrastructure Fund - Direct Plan,--,--,Very High,--,--,--,--,--,--,--
Motilal Oswal Innovation Opportunities Fund - Direct Plan,--,--,Very High,--,--,--,--,--,--,--
Motilal Oswal Large and Midcap Fund - Direct Plan,Above Average,High,Very High,18.63,1.45,1.55,1.08,12.15,1.17,0.64
Motilal Oswal Large Cap Fund - Direct Plan,--,--,Very High,--,--,--,--,--,--,--
Motilal Oswal Manufacturing Fund - Direct Plan,--,--,Very High,--,--,--,--,--,--,--
Motilal Oswal Midcap Fund - Direct Plan,Below Average,High,Very High,17.94,1.5,1.76,0.9,7.81,0.54,0.67
Motilal Oswal Multi Cap Fund - Direct Plan,--,--,Very High,--,--,--,--,--,--,--
Motilal Oswal NASDAQ 100 ETF,--,--,Very High,17.44,1.16,1.76,--,--,--,--
Motilal Oswal Nasdaq 100 FOF - Direct Plan,--,--,Very High,22.6,0.96,1.67,--,--,--,--
Motilal Oswal Nasdaq Q50 ETF,--,--,Very High,18.41,0.57,1.0,--,--,--,--
Motilal Oswal Nifty 200 Momentum 30 ETF,--,--,Very High,18.34,0.99,1.39,1.2,1.67,0.52,0.81
Motilal Oswal Nifty 200 Momentum 30 Index Fund - Direct Plan,High,Below Average,Very High,18.29,1.0,1.39,1.19,1.76,0.53,0.81
Motilal Oswal Nifty 500 ETF,--,--,Very High,--,--,--,--,--,--,--
Motilal Oswal Nifty 500 Index Fund - Direct Plan,Above Average,Average,Very High,13.99,1.02,1.53,1.0,-0.08,-0.52,1.0
Motilal Oswal Nifty 500 Momentum 50 ETF,--,--,Very High,--,--,--,--,--,--,--
Motilal Oswal Nifty 500 Momentum 50 Index Fund - Direct Plan,--,--,Very High,--,--,--,--,--,--,--
Motilal Oswal Nifty 50 Equal Weight ETF,--,--,Very High,--,--,--,--,--,--,--
Motilal Oswal Nifty 50 ETF,--,--,Very High,12.7,0.92,1.45,0.95,-0.78,-0.93,0.99
Motilal Oswal Nifty 50 Index Fund - Direct Plan,Average,Average,Very High,12.7,0.91,1.44,0.95,-0.9,-1.01,0.99
Motilal Oswal Nifty Alpha 50 ETF,--,--,Very High,--,--,--,--,--,--,--
Motilal Oswal Nifty Bank Index Fund - Direct Plan,Above Average,Below Average,Very High,14.33,0.93,1.83,0.99,0.71,0.33,0.98
Motilal Oswal Nifty Capital Market ETF,--,--,Very High,--,--,--,--,--,--,--
Motilal Oswal Nifty Capital Market Index Fund - Direct Plan,--,--,Very High,--,--,--,--,--,--,--
Motilal Oswal Nifty India Defence ETF,--,--,Very High,--,--,--,--,--,--,--
Motilal Oswal Nifty India Defence Index Fund - Direct Plan,--,--,Very High,--,--,--,--,--,--,--
Motilal Oswal Nifty India Manufacturing ETF,--,--,Very High,--,--,--,--,--,--,--
Motilal Oswal Nifty India Tourism ETF,--,--,Very High,--,--,--,--,--,--,--
Motilal Oswal Nifty Microcap 250 Index Fund - Direct Plan,--,--,Very High,--,--,--,--,--,--,--
Motilal Oswal Nifty Midcap 100 ETF,--,--,Very High,17.2,1.34,1.91,1.04,0.79,0.71,0.98
Motilal Oswal Nifty Midcap 150 Index Fund - Direct Plan,Above Average,Above Average,Very High,16.48,1.32,1.85,1.0,0.39,0.3,0.99
Motilal Oswal Nifty Midcap150 Momentum 50 ETF,--,--,Very High,--,--,--,--,--,--,--
Motilal Oswal Nifty MidSmall Financial Services Index Fund - Direct Plan,--,--,Very High,--,--,--,--,--,--,--
Motilal Oswal Nifty MidSmall Healthcare Index Fund - Direct Plan,--,--,Very High,--,--,--,--,--,--,--
Motilal Oswal Nifty MidSmall India Consumption Index Fund - Direct Plan,--,--,Very High,--,--,--,--,--,--,--
Motilal Oswal Nifty MidSmall IT and Telecom Index Fund - Direct Plan,--,--,Very High,--,--,--,--,--,--,--
Motilal Oswal Nifty Next 50 ETF,--,--,Very High,--,--,--,--,--,--,--
Motilal Oswal Nifty Next 50 Index Fund - Direct Plan,High,Above Average,Very High,18.95,0.91,1.3,1.3,0.19,0.47,0.83
Motilal Oswal Nifty PSE ETF,--,--,Very High,--,--,--,--,--,--,--
Motilal Oswal Nifty Realty ETF,--,--,Very High,--,--,--,--,--,--,--
Motilal Oswal Nifty Smallcap 250 ETF,--,--,Very High,--,--,--,--,--,--,--
Motilal Oswal Nifty Smallcap 250 Index Fund - Direct Plan,High,Average,Very High,19.39,1.15,1.64,1.01,-0.16,0.1,0.99
Motilal Oswal Quant Fund - Direct Plan,--,--,Very High,--,--,--,--,--,--,--
Motilal Oswal Services Fund - Direct Plan,--,--,Very High,--,--,--,--,--,--,--
Motilal Oswal Small Cap Fund - Direct Plan,--,--,Very High,--,--,--,--,--,--,--
Motilal Oswal S&P 500 Index Fund - Direct Plan,--,--,Very High,14.06,1.01,1.46,--,--,--,--
Motilal Oswal Special Opportunities Fund - Direct Plan,--,--,Very High,--,--,--,--,--,--,--
Navi BSE Sensex Index Fund - Direct Plan,--,--,Very High,--,--,--,--,--,--,--
Navi ELSS Tax Saver Fund - Direct Plan,--,--,Very High,13.39,0.95,1.44,0.92,-0.48,-0.44,0.93
Navi ELSS Tax Saver Nifty 50 Index Fund - Direct Plan,--,--,Very High,--,--,--,--,--,--,--
Navi Flexi Cap Fund - Direct Plan,Above Average,Below Average,Very High,13.72,0.93,1.37,0.94,-0.81,-0.43,0.92
Navi Large & Midcap Fund - Direct Plan,Above Average,Low,Very High,14.51,0.93,1.39,0.97,0.14,-0.05,0.85
Navi Nifty 500 Multicap 50:25:25 Index Fund - Direct Plan,--,--,Very High,--,--,--,--,--,--,--
Navi Nifty 50 Index Fund - Direct Plan,Average,Average,Very High,12.69,0.91,1.44,0.95,-0.9,-1.01,0.99
Navi Nifty Bank Index Fund - Direct Plan,Above Average,Low,Very High,14.36,0.92,1.81,1.0,0.6,0.28,0.98
Navi Nifty India Manufacturing Index Fund - Direct Plan,--,--,Very High,--,--,--,--,--,--,--
Navi Nifty IT Index Fund - Direct Plan,--,--,Very High,--,--,--,--,--,--,--
Navi Nifty Midcap 150 Index Fund - Direct Plan,Average,Average,Very High,16.4,1.31,1.83,1.0,0.23,0.14,0.99
Navi Nifty Next 50 Index Fund - Direct Plan,Above Average,High,Very High,18.93,0.91,1.29,1.3,0.17,0.46,0.83
Navi Nifty Smallcap250 Momentum Quality 100 Index Fund - Direct Plan,--,--,Very High,--,--,--,--,--,--,--
Navi US NASDAQ 100 FoF - Direct Plan,--,--,Very High,19.39,1.1,1.67,--,--,--,--
Navi US Total Stock Market FoF - Direct Plan,--,--,Very High,16.17,0.9,1.44,--,--,--,--
Nippon India Active Momentum Fund - Direct Plan,--,--,Very High,--,--,--,--,--,--,--
Nippon India Banking & Financial Services Fund - Direct Plan,Below Average,High,Very High,13.21,1.43,3.35,0.85,8.1,1.13,0.85
Nippon India BSE Sensex Next 30 ETF,--,--,Very High,--,--,--,--,--,--,--
Nippon India BSE Sensex Next 30 Index Fund - Direct Plan,--,--,Very High,--,--,--,--,--,--,--
Nippon India Consumption Fund - Direct Plan,Below Average,High,Very High,14.7,1.13,1.45,0.78,3.3,-0.06,0.84
Nippon India Diversified Equity Flexicap Passive FoF - Direct Plan,Above Average,Average,Very High,13.91,1.0,1.69,0.98,-0.27,-0.31,0.99
Nippon India ELSS Tax Saver Fund - Direct Plan,Above Average,Average,Very High,14.21,1.15,1.72,1.0,1.91,0.73,0.97
Nippon India ETF BSE Sensex,--,--,Very High,12.28,0.89,1.46,0.91,-1.05,-0.97,0.97
Nippon India ETF BSE Sensex Next 50,--,--,Very High,16.92,1.14,1.65,1.2,3.64,0.98,0.88
Nippon India ETF Hang Seng BeES,--,--,Very High,27.85,0.22,0.45,--,--,--,--
Nippon India ETF Nifty 100,--,--,Very High,13.51,0.87,1.37,1.01,-1.58,-1.38,0.99
Nippon India ETF Nifty 50 BeES,--,--,Very High,12.69,0.92,1.45,0.95,-0.76,-0.92,0.99
Nippon India ETF Nifty 50 Shariah BeES,--,--,Very High,15.71,0.29,0.45,1.01,-8.64,-1.04,0.73
Nippon India ETF Nifty 50 Value 20,--,--,Very High,13.36,0.89,1.28,0.84,-0.18,-0.37,0.78
Nippon India ETF Nifty Bank BeES,--,--,Very High,14.34,0.93,1.83,0.99,0.74,0.34,0.98
Nippon India ETF Nifty Dividend Opportunities 50,--,--,Very High,15.05,1.11,1.54,0.96,2.89,0.34,0.8
Nippon India ETF Nifty India Consumption,--,--,Very High,15.79,0.92,1.3,0.86,0.06,-0.39,0.87
Nippon India ETF Nifty Infrastructure BeES,--,--,Very High,15.81,1.18,1.76,0.58,2.26,-0.77,0.79
Nippon India ETF Nifty IT,--,--,Very High,19.04,0.45,0.79,1.0,1.03,0.48,0.99
Nippon India ETF Nifty Midcap 150,--,--,Very High,16.44,1.33,1.85,1.0,0.44,0.31,0.99
Nippon India ETF Nifty Next 50 Junior BeES,--,--,Very High,18.98,0.91,1.3,1.3,0.27,0.48,0.83
Nippon India ETF Nifty PSU Bank BeES,--,--,Very High,26.56,1.28,2.56,1.18,18.93,1.02,0.4
Nippon India Flexi Cap Fund - Direct Plan,Average,Average,Very High,13.57,1.08,1.55,0.93,1.22,0.08,0.93
Nippon India Focused Fund - Direct Plan,Above Average,Average,Very High,13.5,0.99,1.76,0.91,0.2,-0.24,0.9
Nippon India Growth Mid Cap Fund - Direct Plan,Below Average,Above Average,Very High,15.86,1.49,2.1,0.95,3.4,0.66,0.95
Nippon India Index Fund - BSE Sensex Plan - Direct Plan,Average,Below Average,Very High,12.27,0.87,1.43,0.91,-1.25,-1.06,0.97
Nippon India Index Fund - Nifty 50 Plan - Direct Plan,Average,Average,Very High,12.68,0.91,1.43,0.95,-0.94,-1.04,0.99
Nippon India Innovation Fund - Direct Plan,--,--,Very High,--,--,--,--,--,--,--
Nippon India Japan Equity Fund - Direct Plan,--,--,Very High,13.86,0.69,1.08,--,--,--,--
Nippon India Large Cap Fund - Direct Plan,Low,High,Very High,12.75,1.41,2.32,0.94,5.71,1.83,0.96
Nippon India MNC Fund - Direct Plan,--,--,Very High,--,--,--,--,--,--,--
Nippon India Multi Cap Fund - Direct Plan,Below Average,Above Average,Very High,14.0,1.56,2.15,0.88,6.26,0.84,0.9
Nippon India Nifty 500 Equal Weight Index Fund - Direct Plan,--,--,Very High,--,--,--,--,--,--,--
Nippon India Nifty 500 Low Volatility 50 Index Fund - Direct Plan,--,--,Very High,--,--,--,--,--,--,--
Nippon India Nifty 500 Momentum 50 Index Fund - Direct Plan,--,--,Very High,--,--,--,--,--,--,--
Nippon India Nifty 500 Quality 50 Index Fund - Direct Plan,--,--,Very High,--,--,--,--,--,--,--
Nippon India Nifty 50 Value 20 Index Fund - Direct Plan,Average,Low,Very High,13.37,0.89,1.28,0.84,-0.19,-0.37,0.78
Nippon India Nifty Alpha Low Volatility 30 Index Fund - Direct Plan,--,--,Very High,--,--,--,--,--,--,--
Nippon India Nifty Auto ETF,--,--,Very High,18.1,1.09,1.45,1.06,4.58,0.52,0.67
Nippon India Nifty Auto Index Fund - Direct Plan,--,--,Very High,--,--,--,--,--,--,--
Nippon India Nifty Bank Index Fund - Direct Plan,--,--,Very High,--,--,--,--,--,--,--
Nippon India Nifty IT Index Fund - Direct Plan,--,--,Very High,--,--,--,--,--,--,--
Nippon India Nifty Midcap 150 Index Fund - Direct Plan,Average,Average,Very High,16.44,1.31,1.84,1.0,0.25,0.18,0.99
Nippon India Nifty Next 50 Junior BeES FoF - Direct Plan,Above Average,Above Average,Very High,18.75,0.91,1.29,1.28,0.27,0.45,0.82
Nippon India Nifty Pharma ETF,--,--,Very High,16.5,0.94,1.62,1.0,-4.25,-1.05,0.94
Nippon India Nifty Realty Index Fund - Direct Plan,--,--,Very High,--,--,--,--,--,--,--
Nippon India Nifty Smallcap 250 Index Fund - Direct Plan,High,Average,Very High,19.29,1.13,1.62,1.01,-0.42,-0.12,0.99
Nippon India Pharma Fund - Direct Plan,Average,Average,Very High,14.76,1.27,1.87,0.9,1.06,-0.25,0.95
Nippon India Power & Infra Fund - Direct Plan,Average,Above Average,Very High,18.21,1.52,1.94,0.64,9.6,-0.04,0.73
Nippon India Quant Fund - Direct Plan,--,--,Very High,14.01,1.34,2.06,0.97,4.8,1.23,0.94
Nippon India Retirement Fund - Wealth Creation Scheme - Direct Plan,Above Average,Above Average,Very High,13.93,1.18,1.64,0.97,2.43,0.69,0.96
Nippon India Small Cap Fund - Direct Plan,Average,Above Average,Very High,16.63,1.37,1.82,0.85,3.91,0.15,0.96
Nippon India Taiwan Equity Fund - Direct Plan,--,--,Very High,--,--,--,--,--,--,--
Nippon India US Equity Opportunities Fund - Direct Plan,--,--,Very High,16.42,0.82,1.42,--,--,--,--
Nippon India Value Fund - Direct Plan,Average,Above Average,Very High,14.16,1.41,2.21,0.98,5.9,1.57,0.94
Nippon India Vision Large & Mid Cap Fund - Direct Plan,Below Average,Above Average,Very High,13.55,1.37,1.78,0.95,5.42,1.35,0.94
NJ ELSS Tax Saver Scheme - Direct Plan,--,--,Very High,--,--,--,--,--,--,--
NJ Flexi Cap Fund - Direct Plan,--,--,Very High,--,--,--,--,--,--,--
Old Bridge Focused Fund - Direct Plan,--,--,Very High,--,--,--,--,--,--,--
Parag Parikh ELSS Tax Saver Fund - Direct Plan,Low,Above Average,Very High,9.79,1.64,2.46,0.64,6.84,0.25,0.84
Parag Parikh Flexi Cap Fund - Direct Plan,Low,Above Average,Very High,9.08,1.89,2.55,0.58,8.82,0.37,0.79
PGIM India ELSS Tax Saver Fund - Direct Plan,Below Average,Below Average,Very High,12.36,1.02,1.49,0.83,0.6,-0.39,0.9
PGIM India Emerging Markets Equity FoF - Direct Plan,--,--,Very High,14.73,0.37,0.73,--,--,--,--
PGIM India Flexi Cap Fund - Direct Plan,Average,Average,Very High,13.22,0.93,1.42,0.89,-0.6,-0.48,0.9
PGIM India Global Equity Opportunities FoF - Direct Plan,--,--,Very High,18.77,0.85,1.25,--,--,--,--
PGIM India Global Select Real Estate Securities FoF - Direct Plan,--,--,Very High,16.73,0.16,0.28,--,--,--,--
PGIM India Healthcare Fund - Direct Plan,--,--,Very High,--,--,--,--,--,--,--
PGIM India Large and Mid Cap Fund - Direct Plan,--,--,Very High,--,--,--,--,--,--,--
PGIM India Large Cap Fund - Direct Plan,Below Average,Below Average,Very High,12.6,0.92,1.34,0.93,-0.58,-0.55,0.96
PGIM India Midcap Fund - Direct Plan,Average,Below Average,Very High,15.02,0.95,1.36,0.85,-3.87,-1.16,0.86
PGIM India Multi Cap Fund - Direct Plan,--,--,Very High,--,--,--,--,--,--,--
PGIM India Retirement Fund - Direct Plan,--,--,Very High,--,--,--,--,--,--,--
PGIM India Small Cap Fund - Direct Plan,Above Average,Low,Very High,15.9,0.88,1.33,0.78,-3.28,-1.18,0.88
Quant BFSI Fund - Direct Plan,--,--,Very High,--,--,--,--,--,--,--
Quant Business Cycle Fund - Direct Plan,--,--,Very High,--,--,--,--,--,--,--
Quant Commodities Fund - Direct Plan,--,--,Very High,--,--,--,--,--,--,--
Quant Consumption Fund - Direct Plan,--,--,Very High,--,--,--,--,--,--,--
Quant ELSS Tax Saver Fund - Direct Plan,High,High,Very High,16.76,0.98,1.63,1.1,0.59,0.3,0.85
Quant ESG Integration Strategy Fund - Direct Plan,--,--,Very High,16.8,1.05,1.65,1.08,3.56,0.51,0.72
Quant Flexi Cap Fund - Direct Plan,High,Above Average,Very High,16.75,1.08,1.53,1.08,2.55,0.5,0.81
Quant Focused Fund - Direct Plan,Above Average,High,Very High,15.64,1.01,1.53,1.05,1.99,0.37,0.79
Quant Healthcare Fund - Direct Plan,--,--,Very High,--,--,--,--,--,--,--
Quant Infrastructure Fund - Direct Plan,High,Above Average,Very High,19.5,1.04,1.61,0.72,-0.02,-0.72,0.81
Quant Large and Mid Cap Fund - Direct Plan,High,Above Average,Very High,16.39,1.11,1.69,1.08,3.29,0.66,0.84
Quant Large Cap Fund - Direct Plan,--,--,Very High,--,--,--,--,--,--,--
Quant Manufacturing Fund - Direct Plan,--,--,Very High,--,--,--,--,--,--,--
Quant Mid Cap Fund - Direct Plan,Above Average,Above Average,Very High,17.02,1.15,1.52,0.94,-0.53,-0.25,0.81
Quant Momentum Fund - Direct Plan,--,--,Very High,--,--,--,--,--,--,--
Quant Multi Cap Fund - Direct Plan,High,Low,Very High,16.8,0.87,1.24,1.04,-3.98,-0.55,0.88
Quant PSU Fund - Direct Plan,--,--,Very High,--,--,--,--,--,--,--
Quant Quantamental Fund - Direct Plan,--,--,Very High,15.97,1.36,1.87,1.02,6.95,1.02,0.8
Quant Small Cap Fund - Direct Plan,Above Average,High,Very High,17.41,1.38,2.04,0.86,4.98,0.32,0.89
Quant Teck Fund - Direct Plan,--,--,Very High,--,--,--,--,--,--,--
Quantum ELSS Tax Saver Fund - Direct Plan,Below Average,Average,Very High,11.9,1.27,2.22,0.81,3.41,0.18,0.92
Quantum Equity FoF - Direct Plan,Below Average,Average,Very High,12.63,1.13,1.63,0.89,1.48,-0.05,0.97
Quantum ESG Best In Class Strategy Fund - Direct Plan,--,--,Very High,13.12,0.95,1.36,0.94,0.05,-0.18,0.91
Quantum Ethical Fund - Direct Plan,--,--,Very High,--,--,--,--,--,--,--
Quantum Nifty 50 ETF,--,--,Very High,12.69,0.92,1.45,0.95,-0.8,-0.95,0.99
Quantum Nifty 50 ETF FoF - Direct Plan,--,--,Very High,--,--,--,--,--,--,--
Quantum Small Cap Fund - Direct Plan,--,--,Very High,--,--,--,--,--,--,--
Quantum Value Fund - Direct Plan,Below Average,Below Average,Very High,12.01,1.27,2.19,0.82,3.33,0.19,0.93
Quant Value Fund - Direct Plan,High,High,Very High,18.6,1.25,2.11,1.15,6.69,0.92,0.75
Samco Active Momentum Fund - Direct Plan,--,--,Very High,--,--,--,--,--,--,--
Samco ELSS Tax Saver Fund - Direct Plan,--,--,Very High,--,--,--,--,--,--,--
Samco Flexi Cap Fund - Direct Plan,High,Low,Very High,18.65,0.35,0.39,1.08,-9.02,-0.72,0.66
Samco Large Cap Fund - Direct Plan,--,--,Very High,--,--,--,--,--,--,--
Samco Large & Mid Cap Fund - Direct Plan,--,--,Very High,--,--,--,--,--,--,--
Samco Multi Cap Fund - Direct Plan,--,--,Very High,--,--,--,--,--,--,--
Samco Special Opportunities Fund - Direct Plan,--,--,Very High,--,--,--,--,--,--,--
SBI Automotive Opportunities Fund - Direct Plan,--,--,Very High,--,--,--,--,--,--,--
SBI Banking & Financial Services Fund - Direct Plan,Low,Above Average,Very High,12.9,1.43,2.84,0.82,8.04,0.98,0.83
SBI BSE 100 ETF,--,--,Very High,13.26,0.98,1.56,1.0,-0.15,-4.32,1.0
SBI BSE PSU Bank ETF,--,--,Very High,--,--,--,--,--,--,--
SBI BSE PSU Bank Index Fund - Direct Plan,--,--,Very High,--,--,--,--,--,--,--
SBI BSE Sensex ETF,--,--,Very High,12.29,0.89,1.45,0.91,-1.1,-0.98,0.97
SBI BSE Sensex Index Fund - Direct Plan,--,--,Very High,--,--,--,--,--,--,--
SBI BSE Sensex Next 50 ETF,--,--,Very High,16.96,1.15,1.66,1.2,3.81,1.01,0.88
SBI Comma Fund - Direct Plan,--,--,Very High,15.77,0.92,1.49,1.03,-0.34,0.01,0.83
SBI Consumption Opportunities Fund - Direct Plan,Average,Above Average,Very High,14.31,1.04,1.34,0.76,1.95,-0.3,0.84
SBI Contra Fund - Direct Plan,Low,High,Very High,12.58,1.51,2.4,0.86,6.48,1.18,0.93
SBI Dividend Yield Fund - Direct Plan,--,--,Very High,--,--,--,--,--,--,--
SBI ELSS Tax Saver Fund - Direct Plan,Below Average,High,Very High,13.7,1.58,2.49,0.94,8.16,1.81,0.92
SBI Energy Opportunities Fund - Direct Plan,--,--,Very High,--,--,--,--,--,--,--
SBI Equity Minimum Variance Fund - Direct Plan,--,--,Very High,13.75,0.85,1.21,0.91,-1.34,-0.5,0.85
SBI ESG Exclusionary Strategy Fund - Direct Plan,--,--,Very High,12.74,0.95,1.45,0.93,-0.07,-0.3,0.94
SBI Flexicap Fund - Direct Plan,Below Average,Below Average,Very High,11.92,0.92,1.34,0.82,-0.91,-0.91,0.94
SBI Focused Fund - Direct Plan,Below Average,Average,Very High,11.05,1.22,2.03,0.7,3.42,-0.14,0.79
SBI Healthcare Opportunities Fund - Direct Plan,Low,Above Average,Very High,13.71,1.58,2.27,0.84,5.19,0.48,0.95
SBI Infrastructure Fund - Direct Plan,Low,Below Average,Very High,14.94,1.43,1.81,0.51,6.95,-0.47,0.69
SBI Innovative Opportunities Fund - Direct Plan,--,--,Very High,--,--,--,--,--,--,--
SBI Large Cap Fund - Direct Plan,Below Average,Average,Very High,12.31,1.04,1.71,0.91,0.92,-0.1,0.96
SBI Large & Midcap Fund - Direct Plan,Low,Average,Very High,12.16,1.35,2.19,0.84,4.77,0.61,0.91
SBI Midcap Fund - Direct Plan,Low,Average,Very High,13.57,1.2,1.68,0.78,-0.34,-0.86,0.89
SBI MNC Fund - Direct Plan,--,--,Very High,11.4,0.64,0.87,0.68,-2.48,-0.92,0.7
SBI Multicap Fund - Direct Plan,Below Average,Below Average,Very High,12.91,1.2,1.82,0.8,1.23,-0.43,0.89
SBI Nifty100 Low Volatility 30 Index Fund - Direct Plan,--,--,Very High,--,--,--,--,--,--,--
SBI Nifty200 Momentum 30 Index Fund - Direct Plan,--,--,Very High,--,--,--,--,--,--,--
SBI Nifty 200 Quality 30 ETF,--,--,Very High,14.85,0.78,0.98,0.99,-2.08,-0.38,0.85
SBI Nifty200 Quality 30 Index Fund - Direct Plan,--,--,Very High,--,--,--,--,--,--,--
SBI Nifty 500 Index Fund - Direct Plan,--,--,Very High,--,--,--,--,--,--,--
SBI Nifty 50 Equal Weight ETF,--,--,Very High,--,--,--,--,--,--,--
SBI Nifty50 Equal Weight Index Fund - Direct Plan,--,--,Very High,--,--,--,--,--,--,--
SBI Nifty 50 ETF,--,--,Very High,12.69,0.92,1.45,0.95,-0.77,-0.93,0.99
SBI Nifty Bank ETF,--,--,Very High,14.34,0.93,1.83,0.99,0.75,0.35,0.98
SBI Nifty Bank Index Fund - Direct Plan,--,--,Very High,--,--,--,--,--,--,--
SBI Nifty Consumption ETF,--,--,Very High,15.82,0.93,1.31,0.86,0.08,-0.38,0.87
SBI Nifty Index Fund - Direct Plan,Average,Average,Very High,12.7,0.91,1.43,0.95,-0.95,-1.04,0.99
SBI Nifty India Consumption Index Fund - Direct Plan,--,--,Very High,--,--,--,--,--,--,--
SBI Nifty IT ETF,--,--,Very High,19.04,0.45,0.79,1.0,1.04,0.48,0.99
SBI Nifty IT Index Fund - Direct Plan,--,--,Very High,--,--,--,--,--,--,--
SBI Nifty Midcap 150 Index Fund - Direct Plan,--,--,Very High,--,--,--,--,--,--,--
SBI Nifty Next 50 ETF,--,--,Very High,18.99,0.92,1.31,1.3,0.32,0.48,0.83
SBI Nifty Next 50 Index Fund - Direct Plan,High,Above Average,Very High,18.98,0.9,1.29,1.3,0.1,0.46,0.83
SBI Nifty Private Bank ETF,--,--,Very High,14.59,0.87,1.94,0.98,0.23,0.0,0.93
SBI Nifty Smallcap 250 Index Fund - Direct Plan,--,--,Very High,--,--,--,--,--,--,--
SBI PSU Fund - Direct Plan,--,--,Very High,22.11,1.37,2.4,0.96,1.05,-0.01,0.93
SBI Quant Fund - Direct Plan,--,--,Very High,--,--,--,--,--,--,--
SBI Retirement Benefit Fund - Aggressive Plan - Direct Plan,Below Average,Average,Very High,12.77,1.05,1.56,0.87,0.8,-0.26,0.92
SBI Small Cap Fund - Direct Plan,Below Average,Low,Very High,14.75,1.07,1.42,0.75,-0.76,-1.02,0.93
SBI Technology Opportunities Fund - Direct Plan,--,--,Very High,15.13,0.93,1.84,0.77,8.37,1.14,0.93
SBI US Specific Equity Active FoF - Direct Plan,--,--,Very High,17.26,0.86,1.4,--,--,--,--
Shriram ELSS Tax Saver Fund - Direct Plan,Above Average,Low,Very High,15.54,0.73,0.89,0.99,-3.0,-0.45,0.8
Shriram Flexi Cap Fund - Direct Plan,High,Below Average,Very High,15.84,0.75,0.94,1.01,-2.65,-0.36,0.79
Shriram Multi Sector Rotation Fund - Direct Plan,--,--,Very High,--,--,--,--,--,--,--
Sundaram Business Cycle Fund - Direct Plan,--,--,Very High,--,--,--,--,--,--,--
Sundaram Consumption Fund - Direct Plan,Average,Average,Very High,14.98,1.07,1.5,0.81,2.28,-0.15,0.87
Sundaram Diversified Equity Fund - Direct Plan,--,--,Very High,12.59,0.95,1.47,0.88,-0.67,-0.77,0.95
Sundaram Dividend Yield Fund - Direct Plan,--,--,Very High,13.28,1.08,1.52,0.91,1.23,-0.02,0.92
Sundaram ELSS Tax Saver Fund - Direct Plan,Average,Below Average,Very High,12.47,1.07,1.62,0.87,0.77,-0.35,0.95
Sundaram Financial Services Opportunities Fund - Direct Plan,Average,Above Average,Very High,13.94,1.43,3.21,0.9,8.56,1.31,0.85
Sundaram Flexi Cap Fund - Direct Plan,--,--,Very High,--,--,--,--,--,--,--
Sundaram Focused Fund - Direct Plan,Average,Below Average,Very High,12.65,1.05,1.62,0.86,0.94,-0.25,0.91
Sundaram Global Brand Theme - Equity Active FoF - Direct Plan,--,--,Very High,15.02,0.85,1.25,--,--,--,--
Sundaram Infrastructure Advantage Fund - Direct Plan,Average,Below Average,Very High,16.09,1.28,1.7,0.56,4.79,-0.56,0.71
Sundaram Large and Mid Cap Fund - Direct Plan,Above Average,Below Average,Very High,14.52,1.04,1.44,1.01,1.26,0.32,0.92
Sundaram Large Cap Fund - Direct Plan,Below Average,Average,Very High,12.22,0.96,1.57,0.91,-0.22,-0.61,0.97
Sundaram Mid Cap Fund - Direct Plan,Average,Average,Very High,16.04,1.4,1.81,0.96,2.05,0.33,0.95
Sundaram Multi Cap Fund - Direct Plan,Above Average,Below Average,Very High,14.05,1.11,1.58,0.91,-0.59,-0.72,0.96
Sundaram Multi-Factor Fund - Direct Plan,--,--,Very High,--,--,--,--,--,--,--
Sundaram Nifty 100 Equal Weight Fund - Direct Plan,Above Average,Above Average,Very High,15.33,1.0,1.48,1.11,0.71,0.5,0.93
Sundaram Services Fund - Direct Plan,--,--,Very High,13.01,1.36,2.36,0.86,5.22,0.64,0.87
Sundaram Small Cap Fund - Direct Plan,Average,Average,Very High,15.89,1.24,1.63,0.81,1.84,-0.44,0.94
Tata Banking and Financial Services Fund - Direct Plan,Average,Average,Very High,14.01,1.4,3.36,0.9,8.15,1.19,0.84
Tata BSE Quality Index Fund - Direct Plan,--,--,Very High,--,--,--,--,--,--,--
Tata BSE Select Business Groups Index Fund - Direct Plan,--,--,Very High,--,--,--,--,--,--,--
Tata BSE Sensex Index Fund - Direct Plan,Average,Low,Very High,12.26,0.86,1.41,0.91,-1.4,-1.12,0.97
Tata Business Cycle Fund - Direct Plan,--,--,Very High,13.96,1.36,2.01,0.96,5.18,1.2,0.93
Tata Children's Fund - Direct Plan,Average,Below Average,Very High,13.01,1.02,1.57,0.9,0.37,-0.31,0.94
Tata Digital India Fund - Direct Plan,--,--,Very High,17.07,0.74,1.26,0.89,6.0,1.31,0.96
Tata Dividend Yield Fund - Direct Plan,--,--,Very High,14.65,1.15,1.76,1.0,2.38,0.62,0.93
Tata ELSS Fund - Direct Plan,Average,Average,Very High,14.02,1.07,1.71,0.97,0.98,0.16,0.94
Tata Ethical Fund - Direct Plan,--,--,Very High,13.59,0.74,0.96,0.89,-2.7,-0.77,0.84
Tata Flexi Cap Fund - Direct Plan,Below Average,Average,Very High,11.78,1.22,2.02,0.79,2.98,-0.01,0.89
Tata Focused Fund - Direct Plan,Average,Average,Very High,13.7,1.05,1.51,0.93,1.0,0.0,0.91
Tata Housing Opportunities Fund - Direct Plan,--,--,Very High,--,--,--,--,--,--,--
Tata India Consumer Fund - Direct Plan,Above Average,Average,Very High,15.43,1.12,1.48,0.84,3.13,0.06,0.87
Tata India Innovation Fund - Direct Plan,--,--,Very High,--,--,--,--,--,--,--
Tata India Pharma & Healthcare Fund - Direct Plan,Above Average,Average,Very High,15.95,1.2,1.83,0.99,-0.37,-0.25,0.97
Tata Infrastructure Fund - Direct Plan,Above Average,Below Average,Very High,18.19,1.13,1.44,0.62,2.92,-0.56,0.69
Tata Large Cap Fund - Direct Plan,Average,Average,Very High,13.09,1.04,1.69,0.97,0.84,0.22,0.97
Tata Large & Mid Cap Fund - Direct Plan,Below Average,Below Average,Very High,13.14,1.12,1.74,0.91,2.1,0.24,0.92
Tata Mid Cap Fund - Direct Plan,Average,Average,Very High,15.24,1.28,1.8,0.91,0.0,-0.55,0.96
Tata Multicap Fund - Direct Plan,--,--,Very High,--,--,--,--,--,--,--
Tata Nifty200 Alpha 30 Index Fund - Direct Plan,--,--,Very High,--,--,--,--,--,--,--
Tata Nifty500 Multicap India Manufacturing 50:30:20 Index Fund - Direct Plan,--,--,Very High,--,--,--,--,--,--,--
Tata Nifty500 Multicap Infrastructure 50:30:20 Index Fund - Direct Plan,--,--,Very High,--,--,--,--,--,--,--
Tata Nifty 50 Exchange Traded Fund,--,--,Very High,12.67,0.92,1.45,0.95,-0.8,-0.95,0.99
Tata Nifty 50 Index Fund - Direct Plan,Average,Below Average,Very High,12.67,0.9,1.42,0.95,-1.0,-1.09,0.99
Tata Nifty Auto Index Fund - Direct Plan,--,--,Very High,--,--,--,--,--,--,--
Tata Nifty Capital Markets Index Fund - Direct Plan,--,--,Very High,--,--,--,--,--,--,--
Tata Nifty Financial Services Index Fund - Direct Plan,--,--,Very High,--,--,--,--,--,--,--
Tata Nifty India Digital ETF,--,--,Very High,16.2,0.96,1.31,0.74,9.98,0.84,0.74
Tata Nifty India Digital ETF FoF - Direct Plan,--,--,Very High,16.22,0.92,1.42,0.74,9.46,0.77,0.73
Tata Nifty India Tourism Index Fund - Direct Plan,--,--,Very High,--,--,--,--,--,--,--
Tata Nifty Midcap 150 Index Fund - Direct Plan,--,--,Very High,--,--,--,--,--,--,--
Tata Nifty Midcap 150 Momentum 50 Index Fund - Direct Plan,--,--,Very High,--,--,--,--,--,--,--
Tata Nifty MidSmall Healthcare Index Fund - Direct Plan,--,--,Very High,--,--,--,--,--,--,--
Tata Nifty Private Bank ETF,--,--,Very High,14.66,0.87,1.92,0.98,0.21,0.0,0.92
Tata Nifty Realty Index Fund - Direct Plan,--,--,Very High,--,--,--,--,--,--,--
Tata Resources & Energy Fund - Direct Plan,--,--,Very High,15.94,1.1,1.73,0.6,9.72,0.37,0.68
Tata Retirement Savings Fund - Progressive Plan - Direct Plan,Below Average,Average,Very High,13.45,1.16,1.47,0.89,2.74,0.21,0.86
Tata Small Cap Fund - Direct Plan,Below Average,Above Average,Very High,16.18,1.3,1.72,0.8,3.41,-0.16,0.88
Tata Value Fund - Direct Plan,Average,Average,Very High,14.41,1.25,1.83,0.99,3.8,0.96,0.93
Taurus Banking & Financial Services Fund - Direct Plan,Above Average,Below Average,Very High,14.0,1.11,2.41,0.94,3.67,0.7,0.92
Taurus ELSS Tax Saver Fund - Direct Plan,Low,Average,Very High,11.48,1.37,2.01,0.72,5.24,0.19,0.78
Taurus Ethical Fund - Direct Plan,--,--,Very High,14.48,0.95,1.28,0.93,0.29,-0.11,0.82
Taurus Flexi Cap Fund - Direct Plan,High,Below Average,Very High,14.8,0.9,1.29,0.99,-0.96,-0.22,0.88
Taurus Infrastructure Fund - Direct Plan,Above Average,Low,Very High,16.59,1.13,1.59,0.56,2.79,-0.67,0.68
Taurus Large Cap Fund - Direct Plan,Above Average,Average,Very High,15.63,0.89,1.39,1.08,-0.13,0.13,0.84
Taurus Mid Cap Fund - Direct Plan,High,Low,Very High,17.11,1.03,1.74,1.0,-3.72,-0.74,0.91
Taurus Nifty 50 Index Fund - Direct Plan,Average,Below Average,Very High,12.62,0.85,1.35,0.94,-1.62,-1.53,0.99
Templeton India Value Fund - Direct Plan,Average,Above Average,Very High,13.37,1.36,2.25,0.91,5.02,0.97,0.92
TRUSTMF Flexi Cap Fund - Direct Plan,--,--,Very High,--,--,--,--,--,--,--
TRUSTMF Multi Cap Fund - Direct Plan,--,--,Very High,--,--,--,--,--,--,--
TRUSTMF Small Cap Fund - Direct Plan,--,--,Very High,--,--,--,--,--,--,--
Unifi Flexi Cap Fund - Direct Plan,--,--,Very High,--,--,--,--,--,--,--
Union Active Momentum Fund - Direct Plan,--,--,Very High,--,--,--,--,--,--,--
Union Business Cycle Fund - Direct Plan,--,--,Very High,--,--,--,--,--,--,--
Union Children's Fund - Direct Plan,--,--,Very High,--,--,--,--,--,--,--
Union ELSS Tax Saver Fund - Direct Plan,Average,Below Average,Very High,13.06,1.08,1.51,0.9,1.14,-0.09,0.93
Union Flexi Cap Fund - Direct Plan,Average,Average,Very High,13.12,1.11,1.44,0.9,1.56,0.03,0.93
Union Focused Fund - Direct Plan,Average,Below Average,Very High,12.9,0.86,1.11,0.86,-1.32,-0.69,0.89
Union Innovation & Opportunities Fund - Direct Plan,--,--,Very High,--,--,--,--,--,--,--
Union Largecap Fund - Direct Plan,Above Average,Below Average,Very High,12.49,0.93,1.47,0.92,-0.41,-0.51,0.95
Union Large & Midcap Fund - Direct Plan,Average,Below Average,Very High,14.07,1.07,1.34,0.92,2.31,0.21,0.82
Union Midcap Fund - Direct Plan,Average,Average,Very High,16.33,1.16,1.51,0.95,-1.16,-0.44,0.9
Union Multicap Fund - Direct Plan,--,--,Very High,--,--,--,--,--,--,--
Union Retirement Fund - Direct Plan,--,--,Very High,--,--,--,--,--,--,--
Union Small Cap Fund - Direct Plan,Above Average,Below Average,Very High,18.03,0.95,1.21,0.87,-2.19,-0.67,0.84
Union Value Fund - Direct Plan,Average,Below Average,Very High,13.16,1.27,1.96,0.89,3.81,0.55,0.91
UTI Banking and Financial Services Fund - Direct Plan,Average,Average,Very High,14.1,1.25,2.91,0.9,6.27,0.82,0.83
UTI BSE Housing Index Fund - Direct Plan,--,--,Very High,--,--,--,--,--,--,--
UTI BSE Low Volatility Index Fund - Direct Plan,Average,Below Average,Very High,13.08,1.01,1.46,0.89,0.91,-0.13,0.88
UTI BSE Sensex ETF,--,--,Very High,12.29,0.89,1.45,0.91,-1.09,-0.98,0.97
UTI BSE Sensex Index Fund - Direct Plan,Below Average,Low,Very High,12.29,0.87,1.43,0.91,-1.31,-1.08,0.97
UTI BSE Sensex Next 50 ETF,--,--,Very High,16.96,1.15,1.67,1.2,3.85,1.01,0.88
UTI Children's Equity Fund - Direct Plan,Above Average,Below Average,Very High,13.69,0.91,1.44,0.94,-1.09,-0.52,0.93
UTI Dividend Yield Fund - Direct Plan,--,--,Very High,13.86,1.23,1.8,0.92,3.78,0.51,0.87
UTI ELSS Tax Saver Fund - Direct Plan,Above Average,Below Average,Very High,13.72,0.94,1.48,0.94,-0.7,-0.41,0.93
UTI Flexi Cap Fund - Direct Plan,High,Low,Very High,13.53,0.74,1.18,0.87,-2.59,-0.74,0.82
UTI Focused Fund - Direct Plan,Average,Average,Very High,13.91,1.05,1.51,0.94,1.04,0.03,0.9
UTI Healthcare Fund - Direct Plan,Average,Above Average,Very High,15.53,1.28,1.97,0.95,1.12,0.07,0.96
UTI India Consumer Fund - Direct Plan,High,Low,Very High,15.18,0.83,1.16,0.84,-1.62,-0.8,0.9
UTI Infrastructure Fund - Direct Plan,Average,Low,Very High,15.28,1.31,1.99,0.54,4.63,-0.61,0.75
UTI Innovation Fund - Direct Plan,--,--,Very High,--,--,--,--,--,--,--
UTI Large Cap Fund - Direct Plan,Below Average,Below Average,Very High,12.27,0.92,1.4,0.91,-0.63,-0.69,0.96
UTI Large & Mid Cap Fund - Direct Plan,Below Average,Above Average,Very High,13.81,1.43,2.1,0.96,6.45,1.49,0.92
UTI Mid Cap Fund - Direct Plan,Above Average,Below Average,Very High,16.2,1.05,1.45,0.96,-3.57,-1.13,0.95
UTI MNC Fund - Direct Plan,--,--,Very High,13.29,0.76,1.06,0.87,-2.41,-0.77,0.84
UTI Multi Cap Fund - Direct Plan,--,--,Very High,--,--,--,--,--,--,--
UTI Nifty200 Momentum 30 Index Fund - Direct Plan,High,Average,Very High,18.31,1.01,1.37,1.2,1.97,0.56,0.81
UTI Nifty200 Quality 30 Index Fund - Direct Plan,--,--,Very High,--,--,--,--,--,--,--
UTI Nifty 500 Value 50 Index Fund - Direct Plan,--,--,Very High,--,--,--,--,--,--,--
UTI NIFTY50 Equal Weight Index Fund - Direct Plan,--,--,Very High,--,--,--,--,--,--,--
UTI Nifty 50 ETF,--,--,Very High,12.69,0.92,1.45,0.95,-0.77,-0.92,0.99
UTI Nifty 50 Index Fund - Direct Plan,Average,Average,Very High,12.69,0.91,1.43,0.95,-0.94,-1.03,0.99
UTI Nifty Alpha Low-Volatility 30 Index Fund - Direct Plan,--,--,Very High,--,--,--,--,--,--,--
UTI Nifty Bank ETF,--,--,Very High,14.34,0.94,1.84,0.99,0.85,0.4,0.98
UTI Nifty India Manufacturing Index Fund - Direct Plan,--,--,Very High,--,--,--,--,--,--,--
UTI Nifty IT ETF,--,--,Very High,--,--,--,--,--,--,--
UTI Nifty Midcap 150 ETF,--,--,Very High,--,--,--,--,--,--,--
UTI Nifty Midcap 150 Index Fund - Direct Plan,--,--,Very High,--,--,--,--,--,--,--
UTI Nifty Midcap 150 Quality 50 Index Fund - Direct Plan,High,Low,Very High,15.2,0.83,1.25,0.88,-6.2,-1.7,0.9
UTI Nifty Midsmallcap 400 Momentum Quality 100 Index Fund - Direct Plan,--,--,Very High,--,--,--,--,--,--,--
UTI Nifty Next 50 Exchange Traded Fund,--,--,Very High,18.99,0.92,1.31,1.3,0.38,0.49,0.83
UTI Nifty Next 50 Index Fund - Direct Plan,High,Above Average,Very High,18.98,0.9,1.29,1.3,0.13,0.46,0.83
UTI Nifty Private Bank Index Fund - Direct Plan,--,--,Very High,--,--,--,--,--,--,--
UTI Quant Fund - Direct Plan,--,--,Very High,--,--,--,--,--,--,--
UTI Small Cap Fund - Direct Plan,Average,Below Average,Very High,17.11,1.09,1.48,0.85,-0.12,-0.55,0.9
UTI Transportation and Logistics Fund - Direct Plan,--,--,Very High,16.49,1.1,1.57,1.04,3.21,0.49,0.78
UTI Value Fund - Direct Plan,Below Average,Below Average,Very High,13.31,1.27,2.05,0.92,3.72,0.7,0.93
WhiteOak Capital Banking & Financial Services Fund - Direct Plan,--,--,Very High,--,--,--,--,--,--,--
WhiteOak Capital Digital Bharat Fund - Direct Plan,--,--,Very High,--,--,--,--,--,--,--
WhiteOak Capital ELSS Tax Saver Fund - Direct Plan,--,--,Very High,--,--,--,--,--,--,--
WhiteOak Capital ESG Best-In-Class Strategy Fund - Direct Plan,--,--,Very High,--,--,--,--,--,--,--
WhiteOak Capital Flexi Cap Fund - Direct Plan,--,--,Very High,--,--,--,--,--,--,--
WhiteOak Capital Large Cap Fund - Direct Plan,--,--,Very High,--,--,--,--,--,--,--
WhiteOak Capital Large & Mid Cap Fund - Direct Plan,--,--,Very High,--,--,--,--,--,--,--
WhiteOak Capital Mid Cap Fund - Direct Plan,--,--,Very High,--,--,--,--,--,--,--
WhiteOak Capital Multi Cap Fund - Direct Plan,--,--,Very High,--,--,--,--,--,--,--
WhiteOak Capital Pharma and Healthcare Fund - Direct Plan,--,--,Very High,--,--,--,--,--,--,--
WhiteOak Capital Quality Equity Fund - Direct Plan,--,--,Very High,--,--,--,--,--,--,--
WhiteOak Capital Special Opportunities Fund - Direct Plan,--,--,Very High,--,--,--,--,--,--,--
Zerodha ELSS Tax Saver Nifty Large Midcap 250 Index Fund - Direct Plan,--,--,Very High,--,--,--,--,--,--,--
Zerodha Nifty 100 ETF,--,--,Very High,--,--,--,--,--,--,--
Zerodha Nifty Large Midcap 250 Index Fund - Direct Plan,--,--,Very High,--,--,--,--,--,--,--
Zerodha Nifty Midcap 150 ETF,--,--,Very High,--,--,--,--,--,--,--
